row_type,target_frame_rate,game_latency,capture_latency,convert_latency,encode_latency,network_latency,decode_latency,display_latency,dropped,state,minRTT,maxRTT,gain,bitrate,ping,in_bitrate,in_pkts,in_qual,out_bitrate,out_pkts,out_qual,Event Technology,lte_mr_events,nr_mr_events,lte_ho_attempt,lte_ho_result,lte_ho_enb_type,lte_ho_freq_type,lte_ho_band_type,scg_mobility_attempt,scg_mobility_result,scg_mobility_type,menb_ho_attempt,menb_ho_result,menb_ho_type,lte_ho_category,nr_ho_category,time_since_start
target,60.0,16.12,2.81,0.03,11.97,32.32,1.62,5.51,,,,,,,,,,,,,,,,,,,,,,,,,,,,,,0.0
dropped_fps,,,,,,,,,True,,,,,,,,,,,,,,,,,,,,,,,,,,,,,1.0
dropped_fps,,,,,,,,,True,,,,,,,,,,,,,,,,,,,,,,,,,,,,,1.0
dropped_fps,,,,,,,,,True,,,,,,,,,,,,,,,,,,,,,,,,,,,,,1.0
dropped_fps,,,,,,,,,True,,,,,,,,,,,,,,,,,,,,,,,,,,,,,1.0
dropped_fps,,,,,,,,,True,,,,,,,,,,,,,,,,,,,,,,,,,,,,,1.0
dropped_fps,,,,,,,,,True,,,,,,,,,,,,,,,,,,,,,,,,,,,,,1.0
bitrate_adapter,,,,,,,,,,2.0,51.0,162.0,0.75,22500.0,,,,,,,,,,,,,,,,,,,,,,,,1.0
dropped_fps,,,,,,,,,True,,,,,,,,,,,,,,,,,,,,,,,,,,,,,1.0
dropped_fps,,,,,,,,,True,,,,,,,,,,,,,,,,,,,,,,,,,,,,,1.0
dropped_fps,,,,,,,,,True,,,,,,,,,,,,,,,,,,,,,,,,,,,,,1.0
slow,,16.14,2.91,0.03,12.05,51.17,1.8,5.04,,,,,,,,,,,,,,,,,,,,,,,,,,,,,,1.0
,,,,,,,,,,,,,,,,,,,,,,NSA,,,,,,,,attempt,,modification,,,,,nsa_scgm,1.9287660000000002
,,,,,,,,,,,,,,,,,,,,,,NSA,,,,,,,,,success,,,,,,,1.94731
dropped_fps,,,,,,,,,True,,,,,,,,,,,,,,,,,,,,,,,,,,,,,2.0
socket_stats,,,,,,,,,,,,,,,56.0,26269.6,3852.2,100.0,71.7,72.4,100.0,,,,,,,,,,,,,,,,,2.0
slow,,16.15,2.88,0.03,11.81,52.68,1.53,5.19,,,,,,,,,,,,,,,,,,,,,,,,,,,,,,2.0
dropped_fps,,,,,,,,,True,,,,,,,,,,,,,,,,,,,,,,,,,,,,,2.0
dropped_fps,,,,,,,,,True,,,,,,,,,,,,,,,,,,,,,,,,,,,,,2.0
bitrate_adapter,,,,,,,,,,2.0,51.0,142.0,0.75,16875.0,,,,,,,,,,,,,,,,,,,,,,,,2.0
dropped_fps,,,,,,,,,True,,,,,,,,,,,,,,,,,,,,,,,,,,,,,2.0
target,60.0,16.16,2.97,0.04,11.99,32.55,1.54,2.52,,,,,,,,,,,,,,,,,,,,,,,,,,,,,,3.0
,,,,,,,,,,,,,,,,,,,,,,NSA,,,attempt,,inter-x2,intra,intra,attempt,,modification,attempt,,intra,nsa_menb_intra,nsa_scgm,4.524263
,,,,,,,,,,,,,,,,,,,,,,NSA,,,,success,,,,,success,,,success,,,,4.577424000000001
dropped_fps,,,,,,,,,True,,,,,,,,,,,,,,,,,,,,,,,,,,,,,5.0
dropped_fps,,,,,,,,,True,,,,,,,,,,,,,,,,,,,,,,,,,,,,,5.0
bitrate_adapter,,,,,,,,,,2.0,51.0,364.0,0.75,12656.0,,,,,,,,,,,,,,,,,,,,,,,,5.0
slow,,16.1,2.96,0.04,11.97,124.83,2.41,4.0,,,,,,,,,,,,,,,,,,,,,,,,,,,,,,5.0
dropped_fps,,,,,,,,,True,,,,,,,,,,,,,,,,,,,,,,,,,,,,,5.0
dropped_fps,,,,,,,,,True,,,,,,,,,,,,,,,,,,,,,,,,,,,,,5.0
dropped_fps,,,,,,,,,True,,,,,,,,,,,,,,,,,,,,,,,,,,,,,5.0
dropped_fps,,,,,,,,,True,,,,,,,,,,,,,,,,,,,,,,,,,,,,,5.0
bitrate_adapter,,,,,,,,,,2.0,51.0,205.0,0.75,9492.0,,,,,,,,,,,,,,,,,,,,,,,,5.0
,,,,,,,,,,,,,,,,,,,,,,NSA,,,attempt,,inter-x2,intra,intra,attempt,,modification,attempt,,intra,nsa_menb_intra,nsa_scgm,5.304233
,,,,,,,,,,,,,,,,,,,,,,NSA,,,,success,,,,,success,,,success,,,,5.366106
target,60.0,16.12,2.95,0.04,11.9,29.37,1.35,2.52,,,,,,,,,,,,,,,,,,,,,,,,,,,,,,6.0
dropped_fps,,,,,,,,,True,,,,,,,,,,,,,,,,,,,,,,,,,,,,,7.0
socket_stats,,,,,,,,,,,,,,,60.0,11805.7,1523.1,99.1,89.1,72.8,100.0,,,,,,,,,,,,,,,,,7.0
bitrate_adapter,,,,,,,,,,2.0,51.0,73.0,1.25,11865.0,,,,,,,,,,,,,,,,,,,,,,,,9.0
socket_stats,,,,,,,,,,,,,,,60.0,8992.5,1103.5,100.0,54.7,56.4,100.0,,,,,,,,,,,,,,,,,12.0
bitrate_adapter,,,,,,,,,,2.0,52.0,73.0,1.25,14831.0,,,,,,,,,,,,,,,,,,,,,,,,13.0
dropped_fps,,,,,,,,,True,,,,,,,,,,,,,,,,,,,,,,,,,,,,,15.000000000000002
bitrate_adapter,,,,,,,,,,2.0,52.0,78.0,1.25,18538.0,,,,,,,,,,,,,,,,,,,,,,,,17.0
socket_stats,,,,,,,,,,,,,,,69.0,12147.6,1487.1,100.0,70.6,64.0,100.0,,,,,,,,,,,,,,,,,17.0
slow,,16.1,2.96,0.04,12.06,34.9,1.61,8.52,,,,,,,,,,,,,,,,,,,,,,,,,,,,,,18.0
target,60.0,16.09,2.97,0.03,12.05,34.31,1.39,5.69,,,,,,,,,,,,,,,,,,,,,,,,,,,,,,19.0
dropped_fps,,,,,,,,,True,,,,,,,,,,,,,,,,,,,,,,,,,,,,,19.0
bitrate_adapter,,,,,,,,,,2.0,52.0,72.0,1.25,23172.0,,,,,,,,,,,,,,,,,,,,,,,,21.0
socket_stats,,,,,,,,,,,,,,,61.0,16195.5,2152.0,100.0,65.7,62.4,100.0,,,,,,,,,,,,,,,,,22.0
dropped_fps,,,,,,,,,True,,,,,,,,,,,,,,,,,,,,,,,,,,,,,25.0
bitrate_adapter,,,,,,,,,,2.0,49.0,69.0,1.25,28965.0,,,,,,,,,,,,,,,,,,,,,,,,25.0
slow,,16.13,2.94,0.04,12.0,34.61,1.4,2.48,,,,,,,,,,,,,,,,,,,,,,,,,,,,,,26.0
slow,,16.13,2.96,0.03,12.08,34.95,1.4,2.86,,,,,,,,,,,,,,,,,,,,,,,,,,,,,,27.0
socket_stats,,,,,,,,,,,,,,,55.0,20854.7,2941.8,100.0,73.4,70.2,100.0,,,,,,,,,,,,,,,,,27.0
slow,,16.14,2.97,0.04,12.1,34.35,1.65,5.12,,,,,,,,,,,,,,,,,,,,,,,,,,,,,,28.0
bitrate_adapter,,,,,,,,,,2.0,48.0,71.0,1.25,30000.0,,,,,,,,,,,,,,,,,,,,,,,,29.000000000000004
slow,,16.09,2.94,0.04,12.1,34.5,1.64,8.21,,,,,,,,,,,,,,,,,,,,,,,,,,,,,,29.000000000000004
slow,,16.11,2.94,0.04,12.09,35.15,1.57,10.18,,,,,,,,,,,,,,,,,,,,,,,,,,,,,,30.000000000000004
dropped_fps,,,,,,,,,True,,,,,,,,,,,,,,,,,,,,,,,,,,,,,31.000000000000004
slow,,16.15,2.97,0.04,12.09,35.34,1.65,9.96,,,,,,,,,,,,,,,,,,,,,,,,,,,,,,31.000000000000004
socket_stats,,,,,,,,,,,,,,,60.0,25378.0,3695.0,100.0,68.2,66.5,100.0,,,,,,,,,,,,,,,,,32.0
slow,,16.16,2.98,0.04,12.0,35.7,1.66,3.26,,,,,,,,,,,,,,,,,,,,,,,,,,,,,,32.0
slow,,16.13,2.95,0.03,12.02,35.47,1.64,8.23,,,,,,,,,,,,,,,,,,,,,,,,,,,,,,33.0
slow,,16.12,2.97,0.04,12.1,36.1,1.59,8.44,,,,,,,,,,,,,,,,,,,,,,,,,,,,,,34.0
slow,,16.12,2.94,0.03,12.17,35.3,1.72,8.59,,,,,,,,,,,,,,,,,,,,,,,,,,,,,,35.0
slow,,16.06,2.94,0.04,12.09,35.0,1.46,8.55,,,,,,,,,,,,,,,,,,,,,,,,,,,,,,36.0
slow,,16.07,2.95,0.04,12.02,34.37,1.52,7.46,,,,,,,,,,,,,,,,,,,,,,,,,,,,,,37.0
socket_stats,,,,,,,,,,,,,,,69.0,26068.1,3810.3,100.0,62.5,63.8,100.0,,,,,,,,,,,,,,,,,37.0
target,60.0,16.14,2.95,0.04,12.16,34.2,1.53,7.79,,,,,,,,,,,,,,,,,,,,,,,,,,,,,,38.0
slow,,16.16,2.96,0.04,12.41,36.08,1.51,9.51,,,,,,,,,,,,,,,,,,,,,,,,,,,,,,39.0
slow,,16.22,2.96,0.04,12.29,36.0,1.78,9.23,,,,,,,,,,,,,,,,,,,,,,,,,,,,,,40.0
slow,,16.18,2.95,0.04,12.29,35.77,1.55,9.13,,,,,,,,,,,,,,,,,,,,,,,,,,,,,,41.0
,,,,,,,,,,,,,,,,,,,,,,NSA,,,,,,,,attempt,,modification,,,,,nsa_scgm,41.872566
,,,,,,,,,,,,,,,,,,,,,,NSA,,,,,,,,,success,,,,,,,41.908033
bitrate_adapter,,,,,,,,,,2.0,52.0,211.0,0.75,22500.0,,,,,,,,,,,,,,,,,,,,,,,,42.0
slow,,16.14,2.96,0.04,12.16,59.0,2.43,7.92,,,,,,,,,,,,,,,,,,,,,,,,,,,,,,42.0
dropped_fps,,,,,,,,,True,,,,,,,,,,,,,,,,,,,,,,,,,,,,,42.0
dropped_fps,,,,,,,,,True,,,,,,,,,,,,,,,,,,,,,,,,,,,,,42.0
dropped_fps,,,,,,,,,True,,,,,,,,,,,,,,,,,,,,,,,,,,,,,42.0
dropped_fps,,,,,,,,,True,,,,,,,,,,,,,,,,,,,,,,,,,,,,,42.0
dropped_fps,,,,,,,,,True,,,,,,,,,,,,,,,,,,,,,,,,,,,,,42.0
socket_stats,,,,,,,,,,,,,,,59.0,26410.8,3874.7,100.0,62.4,64.7,100.0,,,,,,,,,,,,,,,,,42.0
target,60.0,16.06,2.95,0.03,12.08,33.84,1.43,3.66,,,,,,,,,,,,,,,,,,,,,,,,,,,,,,43.0
dropped_fps,,,,,,,,,True,,,,,,,,,,,,,,,,,,,,,,,,,,,,,45.0
bitrate_adapter,,,,,,,,,,2.0,52.0,140.0,0.75,16875.0,,,,,,,,,,,,,,,,,,,,,,,,45.0
slow,,16.08,2.96,0.04,12.16,61.87,1.95,4.81,,,,,,,,,,,,,,,,,,,,,,,,,,,,,,45.0
dropped_fps,,,,,,,,,True,,,,,,,,,,,,,,,,,,,,,,,,,,,,,45.0
dropped_fps,,,,,,,,,True,,,,,,,,,,,,,,,,,,,,,,,,,,,,,45.0
dropped_fps,,,,,,,,,True,,,,,,,,,,,,,,,,,,,,,,,,,,,,,45.0
dropped_fps,,,,,,,,,True,,,,,,,,,,,,,,,,,,,,,,,,,,,,,45.0
dropped_fps,,,,,,,,,True,,,,,,,,,,,,,,,,,,,,,,,,,,,,,45.0
,,,,,,,,,,,,,,,,,,,,,,NSA,,,attempt,,inter-x2,intra,intra,attempt,,modification,attempt,,intra,nsa_menb_intra,nsa_scgm,45.324779
,,,,,,,,,,,,,,,,,,,,,,NSA,,,,success,,,,,success,,,success,,,,45.369099000000006
target,60.0,15.98,2.96,0.04,12.01,33.3,1.29,3.63,,,,,,,,,,,,,,,,,,,,,,,,,,,,,,46.0
socket_stats,,,,,,,,,,,,,,,54.0,18224.2,2501.2,100.0,67.4,70.6,100.0,,,,,,,,,,,,,,,,,47.0
slow,,16.07,2.96,0.03,12.12,34.58,1.46,4.73,,,,,,,,,,,,,,,,,,,,,,,,,,,,,,49.0
bitrate_adapter,,,,,,,,,,2.0,52.0,75.0,1.25,21093.0,,,,,,,,,,,,,,,,,,,,,,,,49.0
target,60.0,16.11,2.96,0.04,12.02,32.53,1.39,3.7,,,,,,,,,,,,,,,,,,,,,,,,,,,,,,50.0
dropped_fps,,,,,,,,,True,,,,,,,,,,,,,,,,,,,,,,,,,,,,,51.0
dropped_fps,,,,,,,,,True,,,,,,,,,,,,,,,,,,,,,,,,,,,,,51.0
dropped_fps,,,,,,,,,True,,,,,,,,,,,,,,,,,,,,,,,,,,,,,51.0
dropped_fps,,,,,,,,,True,,,,,,,,,,,,,,,,,,,,,,,,,,,,,51.0
dropped_fps,,,,,,,,,True,,,,,,,,,,,,,,,,,,,,,,,,,,,,,51.0
dropped_fps,,,,,,,,,True,,,,,,,,,,,,,,,,,,,,,,,,,,,,,51.0
slow,,16.07,2.97,0.04,12.02,198.44,2.51,6.28,,,,,,,,,,,,,,,,,,,,,,,,,,,,,,51.0
dropped_fps,,,,,,,,,True,,,,,,,,,,,,,,,,,,,,,,,,,,,,,51.0
dropped_fps,,,,,,,,,True,,,,,,,,,,,,,,,,,,,,,,,,,,,,,51.0
dropped_fps,,,,,,,,,True,,,,,,,,,,,,,,,,,,,,,,,,,,,,,51.0
bitrate_adapter,,,,,,,,,,2.0,50.0,202.0,0.75,15819.0,,,,,,,,,,,,,,,,,,,,,,,,51.0
,,,,,,,,,,,,,,,,,,,,,,NSA,,,attempt,,inter-x2,intra,intra,attempt,,modification,attempt,,intra,nsa_menb_intra,nsa_scgm,51.34496600000001
,,,,,,,,,,,,,,,,,,,,,,NSA,,,,success,,,,,success,,,success,,,,51.381875
slow,,16.15,2.93,0.04,12.1,47.98,1.9,4.02,,,,,,,,,,,,,,,,,,,,,,,,,,,,,,52.0
socket_stats,,,,,,,,,,,,,,,63.0,15975.1,2123.1,100.0,82.3,73.2,100.0,,,,,,,,,,,,,,,,,52.0
target,60.0,16.12,3.0,0.03,11.95,31.67,1.25,4.32,,,,,,,,,,,,,,,,,,,,,,,,,,,,,,53.0
bitrate_adapter,,,,,,,,,,2.0,50.0,69.0,1.25,19773.0,,,,,,,,,,,,,,,,,,,,,,,,55.0
socket_stats,,,,,,,,,,,,,,,56.0,15093.4,1970.5,100.0,66.8,64.2,100.0,,,,,,,,,,,,,,,,,58.00000000000001
dropped_fps,,,,,,,,,True,,,,,,,,,,,,,,,,,,,,,,,,,,,,,59.00000000000001
dropped_fps,,,,,,,,,True,,,,,,,,,,,,,,,,,,,,,,,,,,,,,59.00000000000001
dropped_fps,,,,,,,,,True,,,,,,,,,,,,,,,,,,,,,,,,,,,,,59.00000000000001
dropped_fps,,,,,,,,,True,,,,,,,,,,,,,,,,,,,,,,,,,,,,,59.00000000000001
slow,,16.09,2.97,0.04,12.03,51.25,2.31,10.1,,,,,,,,,,,,,,,,,,,,,,,,,,,,,,59.00000000000001
dropped_fps,,,,,,,,,True,,,,,,,,,,,,,,,,,,,,,,,,,,,,,59.00000000000001
,,,,,,,,,,,,,,,,,,,,,,NSA,,,,,,,,attempt,,modification,,,,,nsa_scgm,59.40399600000001
,,,,,,,,,,,,,,,,,,,,,,NSA,,,,,,,,,success,,,,,,,59.424548
bitrate_adapter,,,,,,,,,,2.0,47.0,159.0,0.75,14829.0,,,,,,,,,,,,,,,,,,,,,,,,60.00000000000001
dropped_fps,,,,,,,,,True,,,,,,,,,,,,,,,,,,,,,,,,,,,,,60.00000000000001
slow,,16.11,3.0,0.04,11.94,46.6,1.45,3.5,,,,,,,,,,,,,,,,,,,,,,,,,,,,,,60.00000000000001
bitrate_adapter,,,,,,,,,,2.0,47.0,178.0,0.75,11121.0,,,,,,,,,,,,,,,,,,,,,,,,60.00000000000001
dropped_fps,,,,,,,,,True,,,,,,,,,,,,,,,,,,,,,,,,,,,,,60.00000000000001
dropped_fps,,,,,,,,,True,,,,,,,,,,,,,,,,,,,,,,,,,,,,,60.00000000000001
,,,,,,,,,,,,,,,,,,,,,,NSA,,,attempt,,inter-x2,intra,intra,attempt,,modification,attempt,,intra,nsa_menb_intra,nsa_scgm,60.245556
,,,,,,,,,,,,,,,,,,,,,,NSA,,,,success,,,,,success,,,success,,,,60.266815
slow,,16.13,2.98,0.04,11.89,35.69,1.58,2.57,,,,,,,,,,,,,,,,,,,,,,,,,,,,,,61.00000000000001
slow,,16.1,2.99,0.04,11.99,35.95,1.33,2.18,,,,,,,,,,,,,,,,,,,,,,,,,,,,,,62.00000000000001
slow,,16.09,2.97,0.04,11.98,36.2,1.4,3.6,,,,,,,,,,,,,,,,,,,,,,,,,,,,,,63.00000000000001
slow,,16.09,2.97,0.04,12.01,35.07,1.28,5.3,,,,,,,,,,,,,,,,,,,,,,,,,,,,,,64.0
bitrate_adapter,,,,,,,,,,2.0,47.0,78.0,1.25,13901.0,,,,,,,,,,,,,,,,,,,,,,,,64.0
target,60.0,16.06,2.98,0.04,11.99,34.26,1.22,6.78,,,,,,,,,,,,,,,,,,,,,,,,,,,,,,65.0
slow,,16.08,2.95,0.03,11.95,34.93,1.67,8.61,,,,,,,,,,,,,,,,,,,,,,,,,,,,,,66.0
target,60.0,16.07,2.96,0.04,12.1,34.28,1.39,7.85,,,,,,,,,,,,,,,,,,,,,,,,,,,,,,67.0
bitrate_adapter,,,,,,,,,,2.0,47.0,79.0,1.25,17376.0,,,,,,,,,,,,,,,,,,,,,,,,68.0
slow,,16.1,2.99,0.04,11.99,34.68,1.41,8.98,,,,,,,,,,,,,,,,,,,,,,,,,,,,,,69.0
target,60.0,16.11,2.96,0.04,12.0,34.02,1.37,8.38,,,,,,,,,,,,,,,,,,,,,,,,,,,,,,70.0
slow,,16.1,2.96,0.04,11.99,34.34,1.5,9.71,,,,,,,,,,,,,,,,,,,,,,,,,,,,,,71.0
slow,,16.09,2.98,0.04,12.1,36.35,1.32,9.53,,,,,,,,,,,,,,,,,,,,,,,,,,,,,,72.0
bitrate_adapter,,,,,,,,,,2.0,54.0,89.0,1.25,21720.0,,,,,,,,,,,,,,,,,,,,,,,,72.0
slow,,16.09,2.96,0.03,12.08,36.62,1.49,6.63,,,,,,,,,,,,,,,,,,,,,,,,,,,,,,73.0
dropped_fps,,,,,,,,,True,,,,,,,,,,,,,,,,,,,,,,,,,,,,,73.0
slow,,16.11,2.95,0.04,12.03,34.82,1.48,5.41,,,,,,,,,,,,,,,,,,,,,,,,,,,,,,74.0
slow,,16.11,2.97,0.04,12.1,34.65,1.4,7.1,,,,,,,,,,,,,,,,,,,,,,,,,,,,,,75.0
bitrate_adapter,,,,,,,,,,2.0,55.0,92.0,1.25,27150.0,,,,,,,,,,,,,,,,,,,,,,,,76.0
slow,,16.13,2.95,0.04,12.04,35.76,1.54,8.37,,,,,,,,,,,,,,,,,,,,,,,,,,,,,,76.0
slow,,16.12,2.98,0.04,12.08,36.38,1.45,10.52,,,,,,,,,,,,,,,,,,,,,,,,,,,,,,77.0
slow,,16.13,2.99,0.03,11.97,36.42,1.65,9.4,,,,,,,,,,,,,,,,,,,,,,,,,,,,,,78.0
dropped_fps,,,,,,,,,True,,,,,,,,,,,,,,,,,,,,,,,,,,,,,79.0
dropped_fps,,,,,,,,,True,,,,,,,,,,,,,,,,,,,,,,,,,,,,,79.0
dropped_fps,,,,,,,,,True,,,,,,,,,,,,,,,,,,,,,,,,,,,,,79.0
dropped_fps,,,,,,,,,True,,,,,,,,,,,,,,,,,,,,,,,,,,,,,79.0
dropped_fps,,,,,,,,,True,,,,,,,,,,,,,,,,,,,,,,,,,,,,,79.0
bitrate_adapter,,,,,,,,,,2.0,56.0,200.0,0.75,20362.0,,,,,,,,,,,,,,,,,,,,,,,,79.0
slow,,16.1,2.95,0.04,12.17,56.54,1.96,7.38,,,,,,,,,,,,,,,,,,,,,,,,,,,,,,79.0
dropped_fps,,,,,,,,,True,,,,,,,,,,,,,,,,,,,,,,,,,,,,,79.0
,,,,,,,,,,,,,,,,,,,,,,NSA,,,,,,,,attempt,,modification,,,,,nsa_scgm,79.11434100000001
,,,,,,,,,,,,,,,,,,,,,,NSA,,,,,,,,,success,,,,,,,79.199639
slow,,16.11,2.98,0.03,12.07,37.15,1.38,2.28,,,,,,,,,,,,,,,,,,,,,,,,,,,,,,80.0
slow,,16.08,2.97,0.04,11.98,36.62,1.55,3.1,,,,,,,,,,,,,,,,,,,,,,,,,,,,,,81.0
slow,,16.1,2.96,0.04,12.02,37.07,1.53,5.65,,,,,,,,,,,,,,,,,,,,,,,,,,,,,,82.0
bitrate_adapter,,,,,,,,,,2.0,56.0,79.0,1.25,25452.0,,,,,,,,,,,,,,,,,,,,,,,,83.0
slow,,16.12,2.94,0.04,11.92,36.39,1.44,6.76,,,,,,,,,,,,,,,,,,,,,,,,,,,,,,83.0
dropped_fps,,,,,,,,,True,,,,,,,,,,,,,,,,,,,,,,,,,,,,,83.0
dropped_fps,,,,,,,,,True,,,,,,,,,,,,,,,,,,,,,,,,,,,,,83.0
slow,,16.11,2.97,0.04,12.1,38.04,1.51,5.68,,,,,,,,,,,,,,,,,,,,,,,,,,,,,,84.0
bitrate_adapter,,,,,,,,,,2.0,56.0,111.0,0.75,19089.0,,,,,,,,,,,,,,,,,,,,,,,,84.0
slow,,16.1,2.99,0.04,11.9,35.6,1.3,3.54,,,,,,,,,,,,,,,,,,,,,,,,,,,,,,85.0
dropped_fps,,,,,,,,,True,,,,,,,,,,,,,,,,,,,,,,,,,,,,,86.0
bitrate_adapter,,,,,,,,,,2.0,56.0,442.0,0.75,14316.0,,,,,,,,,,,,,,,,,,,,,,,,86.0
dropped_fps,,,,,,,,,True,,,,,,,,,,,,,,,,,,,,,,,,,,,,,86.0
dropped_fps,,,,,,,,,True,,,,,,,,,,,,,,,,,,,,,,,,,,,,,86.0
dropped_fps,,,,,,,,,True,,,,,,,,,,,,,,,,,,,,,,,,,,,,,86.0
dropped_fps,,,,,,,,,True,,,,,,,,,,,,,,,,,,,,,,,,,,,,,86.0
dropped_fps,,,,,,,,,True,,,,,,,,,,,,,,,,,,,,,,,,,,,,,86.0
slow,,16.09,3.0,0.04,12.06,128.44,2.74,5.47,,,,,,,,,,,,,,,,,,,,,,,,,,,,,,86.0
dropped_fps,,,,,,,,,True,,,,,,,,,,,,,,,,,,,,,,,,,,,,,86.0
dropped_fps,,,,,,,,,True,,,,,,,,,,,,,,,,,,,,,,,,,,,,,86.0
dropped_fps,,,,,,,,,True,,,,,,,,,,,,,,,,,,,,,,,,,,,,,86.0
dropped_fps,,,,,,,,,True,,,,,,,,,,,,,,,,,,,,,,,,,,,,,86.0
,,,,,,,,,,,,,,,,,,,,,,NSA,,,attempt,,inter-x2,intra,intra,attempt,,modification,attempt,,intra,nsa_menb_intra,nsa_scgm,86.504029
,,,,,,,,,,,,,,,,,,,,,,NSA,,,,success,,,,,success,,,success,,,,86.553966
slow,,16.18,2.94,0.04,12.11,44.26,1.76,6.34,,,,,,,,,,,,,,,,,,,,,,,,,,,,,,87.0
slow,,16.17,2.96,0.04,12.08,35.12,1.49,7.41,,,,,,,,,,,,,,,,,,,,,,,,,,,,,,88.0
target,60.0,16.18,2.94,0.04,12.04,34.11,1.18,6.89,,,,,,,,,,,,,,,,,,,,,,,,,,,,,,89.0
bitrate_adapter,,,,,,,,,,2.0,59.0,78.0,1.25,17895.0,,,,,,,,,,,,,,,,,,,,,,,,90.0
slow,,16.16,2.99,0.04,12.12,34.45,1.52,8.74,,,,,,,,,,,,,,,,,,,,,,,,,,,,,,90.0
slow,,16.15,2.99,0.04,12.01,37.3,1.47,10.94,,,,,,,,,,,,,,,,,,,,,,,,,,,,,,91.0
slow,,16.08,2.97,0.04,11.98,35.9,1.43,7.42,,,,,,,,,,,,,,,,,,,,,,,,,,,,,,92.0
slow,,16.08,2.99,0.04,12.05,34.93,1.64,7.39,,,,,,,,,,,,,,,,,,,,,,,,,,,,,,93.0
bitrate_adapter,,,,,,,,,,2.0,59.0,76.0,1.25,22368.0,,,,,,,,,,,,,,,,,,,,,,,,94.0
slow,,16.09,2.96,0.04,11.9,35.29,1.28,8.5,,,,,,,,,,,,,,,,,,,,,,,,,,,,,,94.0
slow,,16.11,2.94,0.04,11.8,37.97,1.47,11.33,,,,,,,,,,,,,,,,,,,,,,,,,,,,,,95.0
slow,,16.26,2.98,0.04,11.99,35.7,1.25,6.95,,,,,,,,,,,,,,,,,,,,,,,,,,,,,,96.0
slow,,16.33,2.94,0.04,11.87,36.68,1.52,8.73,,,,,,,,,,,,,,,,,,,,,,,,,,,,,,97.0
slow,,16.32,2.97,0.03,11.68,36.17,1.93,8.9,,,,,,,,,,,,,,,,,,,,,,,,,,,,,,98.0
bitrate_adapter,,,,,,,,,,2.0,59.0,77.0,1.25,27960.0,,,,,,,,,,,,,,,,,,,,,,,,98.0
slow,,16.16,2.95,0.04,11.81,36.93,1.57,8.92,,,,,,,,,,,,,,,,,,,,,,,,,,,,,,99.0
slow,,16.12,2.96,0.04,11.92,37.66,1.31,9.25,,,,,,,,,,,,,,,,,,,,,,,,,,,,,,100.0
slow,,16.04,2.96,0.03,11.9,36.57,1.49,9.68,,,,,,,,,,,,,,,,,,,,,,,,,,,,,,101.0
dropped_fps,,,,,,,,,True,,,,,,,,,,,,,,,,,,,,,,,,,,,,,102.0
bitrate_adapter,,,,,,,,,,2.0,59.0,78.0,1.25,30000.0,,,,,,,,,,,,,,,,,,,,,,,,102.0
slow,,16.07,2.96,0.04,12.02,39.41,1.27,8.59,,,,,,,,,,,,,,,,,,,,,,,,,,,,,,102.0
slow,,16.08,2.95,0.04,11.84,38.96,1.45,4.29,,,,,,,,,,,,,,,,,,,,,,,,,,,,,,103.0
dropped_fps,,,,,,,,,True,,,,,,,,,,,,,,,,,,,,,,,,,,,,,103.0
dropped_fps,,,,,,,,,True,,,,,,,,,,,,,,,,,,,,,,,,,,,,,103.0
dropped_fps,,,,,,,,,True,,,,,,,,,,,,,,,,,,,,,,,,,,,,,103.0
slow,,16.08,2.95,0.04,11.72,36.05,1.58,2.54,,,,,,,,,,,,,,,,,,,,,,,,,,,,,,104.0
slow,,16.09,2.97,0.04,11.92,36.3,1.62,4.8,,,,,,,,,,,,,,,,,,,,,,,,,,,,,,105.0
slow,,16.09,2.96,0.03,11.97,37.12,1.64,9.06,,,,,,,,,,,,,,,,,,,,,,,,,,,,,,106.0
slow,,16.12,2.93,0.04,11.74,36.97,1.72,6.26,,,,,,,,,,,,,,,,,,,,,,,,,,,,,,107.0
dropped_fps,,,,,,,,,True,,,,,,,,,,,,,,,,,,,,,,,,,,,,,107.0
target,60.0,16.1,2.93,0.04,11.97,30.61,1.46,2.96,,,,,,,,,,,,,,,,,,,,,,,,,,,,,,108.0
socket_stats,,,,,,,,,,,,,,,53.0,25281.4,3652.6,99.8,76.5,72.1,100.0,,,,,,,,,,,,,,,,,108.0
dropped_fps,,,,,,,,,True,,,,,,,,,,,,,,,,,,,,,,,,,,,,,111.0
dropped_fps,,,,,,,,,True,,,,,,,,,,,,,,,,,,,,,,,,,,,,,112.0
socket_stats,,,,,,,,,,,,,,,59.0,26286.3,3848.2,99.7,76.8,70.1,100.0,,,,,,,,,,,,,,,,,113.0
socket_stats,,,,,,,,,,,,,,,58.0,26814.0,3942.8,100.0,72.9,68.1,100.0,,,,,,,,,,,,,,,,,118.00000000000001
dropped_fps,,,,,,,,,True,,,,,,,,,,,,,,,,,,,,,,,,,,,,,121.00000000000001
dropped_fps,,,,,,,,,True,,,,,,,,,,,,,,,,,,,,,,,,,,,,,121.00000000000001
slow,,16.11,2.97,0.04,11.91,34.95,1.73,3.73,,,,,,,,,,,,,,,,,,,,,,,,,,,,,,121.00000000000001
target,60.0,16.04,2.91,0.04,11.97,34.04,1.58,5.56,,,,,,,,,,,,,,,,,,,,,,,,,,,,,,122.00000000000001
socket_stats,,,,,,,,,,,,,,,56.0,26694.3,3918.5,100.0,69.7,64.4,100.0,,,,,,,,,,,,,,,,,123.00000000000001
dropped_fps,,,,,,,,,True,,,,,,,,,,,,,,,,,,,,,,,,,,,,,124.00000000000001
dropped_fps,,,,,,,,,True,,,,,,,,,,,,,,,,,,,,,,,,,,,,,127.00000000000001
socket_stats,,,,,,,,,,,,,,,64.0,25925.2,3786.4,100.0,58.6,55.8,100.0,,,,,,,,,,,,,,,,,128.0
slow,,16.13,2.98,0.04,12.04,35.08,1.39,11.37,,,,,,,,,,,,,,,,,,,,,,,,,,,,,,132.0
socket_stats,,,,,,,,,,,,,,,51.0,26523.2,3879.2,100.0,64.3,59.3,100.0,,,,,,,,,,,,,,,,,133.0
dropped_fps,,,,,,,,,True,,,,,,,,,,,,,,,,,,,,,,,,,,,,,133.0
target,60.0,16.13,2.95,0.04,11.98,33.44,1.74,8.12,,,,,,,,,,,,,,,,,,,,,,,,,,,,,,133.0
dropped_fps,,,,,,,,,True,,,,,,,,,,,,,,,,,,,,,,,,,,,,,135.0
slow,,16.13,2.95,0.04,12.0,34.78,1.77,10.17,,,,,,,,,,,,,,,,,,,,,,,,,,,,,,137.0
socket_stats,,,,,,,,,,,,,,,57.0,26382.0,3871.7,100.0,72.2,68.3,100.0,,,,,,,,,,,,,,,,,138.0
target,60.0,16.14,2.92,0.04,11.85,33.95,1.56,8.24,,,,,,,,,,,,,,,,,,,,,,,,,,,,,,138.0
dropped_fps,,,,,,,,,True,,,,,,,,,,,,,,,,,,,,,,,,,,,,,143.0
socket_stats,,,,,,,,,,,,,,,58.0,26451.2,3881.3,100.0,65.3,67.2,100.0,,,,,,,,,,,,,,,,,143.0
socket_stats,,,,,,,,,,,,,,,57.0,24557.8,3561.6,100.0,64.0,64.2,100.0,,,,,,,,,,,,,,,,,148.0
slow,,16.14,2.92,0.03,11.94,36.4,1.48,10.14,,,,,,,,,,,,,,,,,,,,,,,,,,,,,,152.0
,,,,,,,,,,,,,,,,,,,,,,NSA,,,attempt,,inter-x2,intra,intra,attempt,,modification,attempt,,intra,nsa_menb_intra,nsa_scgm,152.753525
,,,,,,,,,,,,,,,,,,,,,,NSA,,,,success,,,,,success,,,success,,,,152.800904
slow,,16.19,2.91,0.04,11.83,103.63,1.45,5.09,,,,,,,,,,,,,,,,,,,,,,,,,,,,,,153.0
socket_stats,,,,,,,,,,,,,,,56.0,24986.5,3633.1,100.0,60.0,60.1,100.0,,,,,,,,,,,,,,,,,153.0
bitrate_adapter,,,,,,,,,,2.0,51.0,289.0,0.75,22500.0,,,,,,,,,,,,,,,,,,,,,,,,153.0
dropped_fps,,,,,,,,,True,,,,,,,,,,,,,,,,,,,,,,,,,,,,,153.0
slow,,18.81,1.93,0.05,11.72,60.54,1.3,8.83,,,,,,,,,,,,,,,,,,,,,,,,,,,,,,154.0
bitrate_adapter,,,,,,,,,,2.0,51.0,203.0,0.75,16875.0,,,,,,,,,,,,,,,,,,,,,,,,154.0
,,,,,,,,,,,,,,,,,,,,,,NSA,,,attempt,,inter-x2,intra,intra,attempt,,modification,attempt,,intra,nsa_menb_intra,nsa_scgm,154.396004
,,,,,,,,,,,,,,,,,,,,,,NSA,,,,success,,,,,success,,,success,,,,154.476866
target,60.0,25.52,2.95,0.04,13.06,32.16,1.62,9.91,,,,,,,,,,,,,,,,,,,,,,,,,,,,,,156.0
socket_stats,,,,,,,,,,,,,,,56.0,9799.5,1370.6,100.0,52.9,53.4,100.0,,,,,,,,,,,,,,,,,158.0
bitrate_adapter,,,,,,,,,,2.0,51.0,69.0,1.25,21093.0,,,,,,,,,,,,,,,,,,,,,,,,158.0
dropped_fps,,,,,,,,,True,,,,,,,,,,,,,,,,,,,,,,,,,,,,,160.0
dropped_fps,,,,,,,,,True,,,,,,,,,,,,,,,,,,,,,,,,,,,,,160.0
bitrate_adapter,,,,,,,,,,2.0,51.0,117.0,0.75,15819.0,,,,,,,,,,,,,,,,,,,,,,,,160.0
slow,,27.8,2.99,0.04,17.41,37.2,1.47,6.64,,,,,,,,,,,,,,,,,,,,,,,,,,,,,,160.0
dropped_fps,,,,,,,,,True,,,,,,,,,,,,,,,,,,,,,,,,,,,,,161.0
target,60.0,27.88,2.97,0.04,17.44,32.97,1.71,5.32,,,,,,,,,,,,,,,,,,,,,,,,,,,,,,162.0
target,60.0,27.89,2.97,0.04,17.75,31.06,1.37,3.88,,,,,,,,,,,,,,,,,,,,,,,,,,,,,,163.0
socket_stats,,,,,,,,,,,,,,,56.0,6447.5,859.1,100.0,41.4,51.7,100.0,,,,,,,,,,,,,,,,,163.0
dropped_fps,,,,,,,,,True,,,,,,,,,,,,,,,,,,,,,,,,,,,,,164.0
dropped_fps,,,,,,,,,True,,,,,,,,,,,,,,,,,,,,,,,,,,,,,164.0
dropped_fps,,,,,,,,,True,,,,,,,,,,,,,,,,,,,,,,,,,,,,,164.0
dropped_fps,,,,,,,,,True,,,,,,,,,,,,,,,,,,,,,,,,,,,,,164.0
bitrate_adapter,,,,,,,,,,2.0,53.0,67.0,1.25,19773.0,,,,,,,,,,,,,,,,,,,,,,,,164.0
dropped_fps,,,,,,,,,True,,,,,,,,,,,,,,,,,,,,,,,,,,,,,164.0
target,15.0,29.41,2.89,0.04,17.79,35.01,1.58,5.47,,,,,,,,,,,,,,,,,,,,,,,,,,,,,,164.0
bitrate_adapter,,,,,,,,,,2.0,53.0,145.0,0.75,14829.0,,,,,,,,,,,,,,,,,,,,,,,,165.0
slow,,31.63,2.79,0.04,17.86,59.11,1.65,4.25,,,,,,,,,,,,,,,,,,,,,,,,,,,,,,165.0
dropped_fps,,,,,,,,,True,,,,,,,,,,,,,,,,,,,,,,,,,,,,,166.0
target,60.0,25.68,3.39,0.04,16.42,30.94,1.36,4.62,,,,,,,,,,,,,,,,,,,,,,,,,,,,,,166.0
dropped_fps,,,,,,,,,True,,,,,,,,,,,,,,,,,,,,,,,,,,,,,166.0
bitrate_adapter,,,,,,,,,,2.0,48.0,134.0,0.75,11121.0,,,,,,,,,,,,,,,,,,,,,,,,166.0
dropped_fps,,,,,,,,,True,,,,,,,,,,,,,,,,,,,,,,,,,,,,,166.0
dropped_fps,,,,,,,,,True,,,,,,,,,,,,,,,,,,,,,,,,,,,,,166.0
slow,,21.04,2.97,0.04,12.35,49.95,2.11,3.48,,,,,,,,,,,,,,,,,,,,,,,,,,,,,,167.0
target,60.0,16.76,2.93,0.04,12.2,30.68,1.27,2.53,,,,,,,,,,,,,,,,,,,,,,,,,,,,,,168.0
socket_stats,,,,,,,,,,,,,,,59.0,8016.0,1106.3,100.0,49.5,54.6,100.0,,,,,,,,,,,,,,,,,168.0
dropped_fps,,,,,,,,,True,,,,,,,,,,,,,,,,,,,,,,,,,,,,,170.0
dropped_fps,,,,,,,,,True,,,,,,,,,,,,,,,,,,,,,,,,,,,,,170.0
dropped_fps,,,,,,,,,True,,,,,,,,,,,,,,,,,,,,,,,,,,,,,170.0
dropped_fps,,,,,,,,,True,,,,,,,,,,,,,,,,,,,,,,,,,,,,,170.0
bitrate_adapter,,,,,,,,,,2.0,48.0,222.0,0.75,8340.0,,,,,,,,,,,,,,,,,,,,,,,,170.0
,,,,,,,,,,,,,,,,,,,,,,NSA,,,attempt,,inter-x2,intra,intra,attempt,,modification,attempt,,intra,nsa_menb_intra,nsa_scgm,170.013717
,,,,,,,,,,,,,,,,,,,,,,NSA,,,,success,,,,,success,,,success,,,,170.02984
slow,,16.68,2.92,0.04,12.1,47.77,1.61,3.56,,,,,,,,,,,,,,,,,,,,,,,,,,,,,,171.0
target,60.0,16.53,2.97,0.04,12.18,28.93,1.15,2.49,,,,,,,,,,,,,,,,,,,,,,,,,,,,,,172.0
socket_stats,,,,,,,,,,,,,,,54.0,3202.9,494.9,100.0,66.7,56.7,100.0,,,,,,,,,,,,,,,,,173.0
bitrate_adapter,,,,,,,,,,2.0,49.0,73.0,1.25,10425.0,,,,,,,,,,,,,,,,,,,,,,,,174.0
dropped_fps,,,,,,,,,True,,,,,,,,,,,,,,,,,,,,,,,,,,,,,177.0
bitrate_adapter,,,,,,,,,,2.0,51.0,71.0,1.25,13031.0,,,,,,,,,,,,,,,,,,,,,,,,178.0
socket_stats,,,,,,,,,,,,,,,61.0,3060.1,477.5,99.9,50.2,54.9,100.0,,,,,,,,,,,,,,,,,178.0
dropped_fps,,,,,,,,,True,,,,,,,,,,,,,,,,,,,,,,,,,,,,,179.0
dropped_fps,,,,,,,,,True,,,,,,,,,,,,,,,,,,,,,,,,,,,,,179.0
dropped_fps,,,,,,,,,True,,,,,,,,,,,,,,,,,,,,,,,,,,,,,179.0
dropped_fps,,,,,,,,,True,,,,,,,,,,,,,,,,,,,,,,,,,,,,,179.0
dropped_fps,,,,,,,,,True,,,,,,,,,,,,,,,,,,,,,,,,,,,,,179.0
bitrate_adapter,,,,,,,,,,2.0,51.0,302.0,0.75,9773.0,,,,,,,,,,,,,,,,,,,,,,,,179.0
slow,,19.44,2.95,0.04,12.16,68.38,2.29,4.59,,,,,,,,,,,,,,,,,,,,,,,,,,,,,,180.0
slow,,24.5,2.93,0.04,11.7,35.32,1.25,3.98,,,,,,,,,,,,,,,,,,,,,,,,,,,,,,181.0
target,60.0,22.97,2.94,0.04,11.83,30.15,1.18,3.81,,,,,,,,,,,,,,,,,,,,,,,,,,,,,,182.0
socket_stats,,,,,,,,,,,,,,,53.0,4425.1,619.8,100.0,56.1,58.8,100.0,,,,,,,,,,,,,,,,,183.0
bitrate_adapter,,,,,,,,,,2.0,49.0,69.0,1.25,12216.0,,,,,,,,,,,,,,,,,,,,,,,,183.0
dropped_fps,,,,,,,,,True,,,,,,,,,,,,,,,,,,,,,,,,,,,,,184.0
dropped_fps,,,,,,,,,True,,,,,,,,,,,,,,,,,,,,,,,,,,,,,184.0
slow,,21.88,2.7,0.04,12.14,50.16,1.48,3.68,,,,,,,,,,,,,,,,,,,,,,,,,,,,,,184.0
dropped_fps,,,,,,,,,True,,,,,,,,,,,,,,,,,,,,,,,,,,,,,184.0
dropped_fps,,,,,,,,,True,,,,,,,,,,,,,,,,,,,,,,,,,,,,,184.0
,,,,,,,,,,,,,,,,,,,,,,NSA,,,attempt,,inter-x2,intra,intra,attempt,,modification,attempt,,intra,nsa_menb_intra,nsa_scgm,184.257169
,,,,,,,,,,,,,,,,,,,,,,NSA,,,,success,,,,,success,,,success,,,,184.272321
bitrate_adapter,,,,,,,,,,2.0,49.0,152.0,0.75,9162.0,,,,,,,,,,,,,,,,,,,,,,,,185.0
slow,,28.75,2.69,0.05,11.66,63.66,1.92,8.9,,,,,,,,,,,,,,,,,,,,,,,,,,,,,,185.0
slow,,53.5,3.04,0.04,15.87,67.19,1.7,16.68,,,,,,,,,,,,,,,,,,,,,,,,,,,,,,186.0
dropped_fps,,,,,,,,,True,,,,,,,,,,,,,,,,,,,,,,,,,,,,,186.0
dropped_fps,,,,,,,,,True,,,,,,,,,,,,,,,,,,,,,,,,,,,,,186.0
bitrate_adapter,,,,,,,,,,2.0,49.0,340.0,0.75,6871.0,,,,,,,,,,,,,,,,,,,,,,,,186.0
slow,,82.25,2.66,0.04,17.65,88.72,1.41,7.07,,,,,,,,,,,,,,,,,,,,,,,,,,,,,,187.0
dropped_fps,,,,,,,,,True,,,,,,,,,,,,,,,,,,,,,,,,,,,,,188.0
dropped_fps,,,,,,,,,True,,,,,,,,,,,,,,,,,,,,,,,,,,,,,188.0
dropped_fps,,,,,,,,,True,,,,,,,,,,,,,,,,,,,,,,,,,,,,,188.0
dropped_fps,,,,,,,,,True,,,,,,,,,,,,,,,,,,,,,,,,,,,,,188.0
dropped_fps,,,,,,,,,True,,,,,,,,,,,,,,,,,,,,,,,,,,,,,188.0
dropped_fps,,,,,,,,,True,,,,,,,,,,,,,,,,,,,,,,,,,,,,,188.0
dropped_fps,,,,,,,,,True,,,,,,,,,,,,,,,,,,,,,,,,,,,,,188.0
bitrate_adapter,,,,,,,,,,2.0,49.0,205.0,0.75,5153.0,,,,,,,,,,,,,,,,,,,,,,,,188.0
slow,,80.15,1.8,0.05,18.43,39.47,1.45,8.97,,,,,,,,,,,,,,,,,,,,,,,,,,,,,,188.0
dropped_fps,,,,,,,,,True,,,,,,,,,,,,,,,,,,,,,,,,,,,,,188.0
socket_stats,,,,,,,,,,,,,,,57.0,2068.4,371.1,98.8,36.5,48.7,100.0,,,,,,,,,,,,,,,,,188.0
slow,,45.1,4.12,0.04,17.43,45.94,1.55,5.18,,,,,,,,,,,,,,,,,,,,,,,,,,,,,,189.0
target,60.0,26.83,2.93,0.03,11.85,28.06,1.16,3.14,,,,,,,,,,,,,,,,,,,,,,,,,,,,,,190.0
,,,,,,,,,,,,,,,,,,,,,,NSA,,,attempt,,inter-x2,intra,intra,attempt,,modification,attempt,,intra,nsa_menb_intra,nsa_scgm,191.55050900000003
,,,,,,,,,,,,,,,,,,,,,,NSA,,,,success,,,,,success,,,success,,,,191.560882
slow,,16.13,2.89,0.04,12.06,71.23,1.58,3.65,,,,,,,,,,,,,,,,,,,,,,,,,,,,,,193.0
slow,,16.15,2.88,0.04,12.04,38.87,1.48,2.61,,,,,,,,,,,,,,,,,,,,,,,,,,,,,,194.0
slow,,16.14,2.85,0.04,12.04,36.92,1.35,2.29,,,,,,,,,,,,,,,,,,,,,,,,,,,,,,195.0
bitrate_adapter,,,,,,,,,,2.0,49.0,78.0,1.25,28125.0,,,,,,,,,,,,,,,,,,,,,,,,195.0
slow,,16.15,2.92,0.04,12.06,36.42,1.5,8.09,,,,,,,,,,,,,,,,,,,,,,,,,,,,,,196.0
slow,,16.13,2.85,0.03,12.07,37.34,1.31,9.4,,,,,,,,,,,,,,,,,,,,,,,,,,,,,,197.0
slow,,16.13,2.82,0.04,12.03,37.93,1.33,9.72,,,,,,,,,,,,,,,,,,,,,,,,,,,,,,198.0
slow,,16.19,2.83,0.03,11.95,36.86,1.44,10.46,,,,,,,,,,,,,,,,,,,,,,,,,,,,,,199.0
slow,,16.13,2.83,0.04,11.78,36.41,1.58,10.26,,,,,,,,,,,,,,,,,,,,,,,,,,,,,,200.0
dropped_fps,,,,,,,,,True,,,,,,,,,,,,,,,,,,,,,,,,,,,,,200.0
bitrate_adapter,,,,,,,,,,2.0,52.0,82.0,1.25,30000.0,,,,,,,,,,,,,,,,,,,,,,,,200.0
slow,,16.2,2.86,0.03,12.01,36.46,1.65,5.53,,,,,,,,,,,,,,,,,,,,,,,,,,,,,,201.0
slow,,16.22,2.87,0.04,11.86,37.45,1.51,3.17,,,,,,,,,,,,,,,,,,,,,,,,,,,,,,202.0
,,,,,,,,,,,,,,,,,,,,,,NSA,,,attempt,,inter-x2,intra,intra,attempt,,modification,attempt,,intra,nsa_menb_intra,nsa_scgm,202.784383
,,,,,,,,,,,,,,,,,,,,,,NSA,,,,success,,,,,success,,,success,,,,202.84718100000003
dropped_fps,,,,,,,,,True,,,,,,,,,,,,,,,,,,,,,,,,,,,,,203.0
dropped_fps,,,,,,,,,True,,,,,,,,,,,,,,,,,,,,,,,,,,,,,203.0
dropped_fps,,,,,,,,,True,,,,,,,,,,,,,,,,,,,,,,,,,,,,,203.0
bitrate_adapter,,,,,,,,,,2.0,59.0,234.0,0.75,22500.0,,,,,,,,,,,,,,,,,,,,,,,,203.0
dropped_fps,,,,,,,,,True,,,,,,,,,,,,,,,,,,,,,,,,,,,,,203.0
dropped_fps,,,,,,,,,True,,,,,,,,,,,,,,,,,,,,,,,,,,,,,203.0
slow,,16.21,2.87,0.04,12.07,56.83,2.35,3.87,,,,,,,,,,,,,,,,,,,,,,,,,,,,,,203.0
target,60.0,16.09,2.95,0.04,12.08,34.19,1.1,5.66,,,,,,,,,,,,,,,,,,,,,,,,,,,,,,204.0
slow,,16.17,2.93,0.04,12.16,35.15,1.36,2.9,,,,,,,,,,,,,,,,,,,,,,,,,,,,,,205.0
slow,,16.15,2.8,0.03,12.03,34.48,1.21,3.18,,,,,,,,,,,,,,,,,,,,,,,,,,,,,,206.0
bitrate_adapter,,,,,,,,,,2.0,59.0,79.0,1.25,28125.0,,,,,,,,,,,,,,,,,,,,,,,,207.0
slow,,16.18,2.85,0.03,11.97,34.5,1.2,5.14,,,,,,,,,,,,,,,,,,,,,,,,,,,,,,207.0
slow,,16.08,2.86,0.04,12.15,36.49,1.32,9.93,,,,,,,,,,,,,,,,,,,,,,,,,,,,,,208.0
dropped_fps,,,,,,,,,True,,,,,,,,,,,,,,,,,,,,,,,,,,,,,208.0
dropped_fps,,,,,,,,,True,,,,,,,,,,,,,,,,,,,,,,,,,,,,,208.0
slow,,16.08,2.86,0.03,12.07,37.63,1.67,5.72,,,,,,,,,,,,,,,,,,,,,,,,,,,,,,209.0
slow,,16.12,2.86,0.04,11.99,37.09,1.55,5.43,,,,,,,,,,,,,,,,,,,,,,,,,,,,,,210.0
dropped_fps,,,,,,,,,True,,,,,,,,,,,,,,,,,,,,,,,,,,,,,211.0
bitrate_adapter,,,,,,,,,,2.0,59.0,72.0,1.25,30000.0,,,,,,,,,,,,,,,,,,,,,,,,211.0
slow,,16.01,2.87,0.04,12.16,36.78,1.66,9.56,,,,,,,,,,,,,,,,,,,,,,,,,,,,,,211.0
slow,,16.04,2.88,0.04,12.05,36.98,1.6,6.95,,,,,,,,,,,,,,,,,,,,,,,,,,,,,,212.0
slow,,16.07,2.86,0.03,12.11,38.54,1.61,2.75,,,,,,,,,,,,,,,,,,,,,,,,,,,,,,213.0
slow,,16.1,2.84,0.04,12.12,37.49,1.52,1.81,,,,,,,,,,,,,,,,,,,,,,,,,,,,,,214.0
slow,,16.12,2.84,0.04,12.07,38.44,1.65,2.51,,,,,,,,,,,,,,,,,,,,,,,,,,,,,,215.0
slow,,16.07,2.86,0.03,12.05,36.65,1.58,2.52,,,,,,,,,,,,,,,,,,,,,,,,,,,,,,216.0
slow,,16.09,2.92,0.04,12.18,38.05,1.39,3.4,,,,,,,,,,,,,,,,,,,,,,,,,,,,,,217.0
slow,,16.05,2.85,0.03,12.02,37.95,1.55,5.63,,,,,,,,,,,,,,,,,,,,,,,,,,,,,,218.0
slow,,16.07,2.86,0.03,12.04,38.1,1.75,9.66,,,,,,,,,,,,,,,,,,,,,,,,,,,,,,219.0
slow,,16.1,2.83,0.04,12.01,37.38,1.41,8.87,,,,,,,,,,,,,,,,,,,,,,,,,,,,,,220.0
slow,,16.14,2.83,0.03,12.09,37.42,1.46,10.12,,,,,,,,,,,,,,,,,,,,,,,,,,,,,,221.0
slow,,16.12,2.89,0.03,11.99,38.19,1.47,10.81,,,,,,,,,,,,,,,,,,,,,,,,,,,,,,222.0
slow,,16.06,2.89,0.03,11.98,37.39,1.47,10.24,,,,,,,,,,,,,,,,,,,,,,,,,,,,,,223.0
slow,,16.08,2.87,0.04,11.96,37.32,1.61,9.77,,,,,,,,,,,,,,,,,,,,,,,,,,,,,,224.0
slow,,16.09,2.9,0.04,12.05,37.02,1.55,10.15,,,,,,,,,,,,,,,,,,,,,,,,,,,,,,225.0
slow,,16.11,2.93,0.04,12.2,37.58,1.55,11.25,,,,,,,,,,,,,,,,,,,,,,,,,,,,,,226.0
dropped_fps,,,,,,,,,True,,,,,,,,,,,,,,,,,,,,,,,,,,,,,227.0
slow,,16.11,2.98,0.04,12.07,38.22,1.41,11.95,,,,,,,,,,,,,,,,,,,,,,,,,,,,,,227.0
slow,,16.12,2.94,0.04,12.18,40.07,1.45,10.89,,,,,,,,,,,,,,,,,,,,,,,,,,,,,,228.0
slow,,16.08,2.95,0.04,12.28,38.76,1.68,2.5,,,,,,,,,,,,,,,,,,,,,,,,,,,,,,229.0
slow,,16.05,2.87,0.03,12.07,38.65,1.56,2.64,,,,,,,,,,,,,,,,,,,,,,,,,,,,,,230.0
slow,,16.16,2.97,0.04,12.22,38.62,1.78,3.31,,,,,,,,,,,,,,,,,,,,,,,,,,,,,,231.0
slow,,16.21,2.97,0.04,12.05,37.58,1.6,6.39,,,,,,,,,,,,,,,,,,,,,,,,,,,,,,232.0
slow,,16.18,2.97,0.04,12.17,38.13,1.68,8.03,,,,,,,,,,,,,,,,,,,,,,,,,,,,,,233.0
slow,,16.09,2.99,0.04,12.29,38.04,1.45,8.3,,,,,,,,,,,,,,,,,,,,,,,,,,,,,,234.0
dropped_fps,,,,,,,,,True,,,,,,,,,,,,,,,,,,,,,,,,,,,,,234.0
slow,,16.09,2.98,0.04,12.09,38.44,1.65,7.38,,,,,,,,,,,,,,,,,,,,,,,,,,,,,,235.0
slow,,16.14,2.99,0.04,11.98,38.6,1.55,7.13,,,,,,,,,,,,,,,,,,,,,,,,,,,,,,236.0
slow,,16.18,2.99,0.03,12.06,36.61,1.55,6.46,,,,,,,,,,,,,,,,,,,,,,,,,,,,,,237.0
slow,,16.14,2.99,0.04,12.08,36.5,1.75,7.42,,,,,,,,,,,,,,,,,,,,,,,,,,,,,,238.0
dropped_fps,,,,,,,,,True,,,,,,,,,,,,,,,,,,,,,,,,,,,,,238.0
dropped_fps,,,,,,,,,True,,,,,,,,,,,,,,,,,,,,,,,,,,,,,238.0
slow,,16.14,2.99,0.04,12.07,40.61,1.57,6.11,,,,,,,,,,,,,,,,,,,,,,,,,,,,,,239.0
dropped_fps,,,,,,,,,True,,,,,,,,,,,,,,,,,,,,,,,,,,,,,239.0
slow,,16.11,2.98,0.04,11.97,39.44,1.6,5.51,,,,,,,,,,,,,,,,,,,,,,,,,,,,,,240.0
slow,,16.05,2.94,0.04,12.09,37.67,1.67,4.22,,,,,,,,,,,,,,,,,,,,,,,,,,,,,,241.0
slow,,16.02,2.99,0.04,12.24,38.29,1.69,7.44,,,,,,,,,,,,,,,,,,,,,,,,,,,,,,242.0
slow,,16.02,2.98,0.04,12.16,37.83,1.63,7.34,,,,,,,,,,,,,,,,,,,,,,,,,,,,,,243.0
dropped_fps,,,,,,,,,True,,,,,,,,,,,,,,,,,,,,,,,,,,,,,244.0
slow,,16.03,2.96,0.04,12.17,38.17,1.51,6.99,,,,,,,,,,,,,,,,,,,,,,,,,,,,,,244.0
slow,,16.08,2.98,0.04,12.14,37.5,1.51,1.93,,,,,,,,,,,,,,,,,,,,,,,,,,,,,,245.0
slow,,16.09,2.99,0.04,12.39,37.21,1.75,7.3,,,,,,,,,,,,,,,,,,,,,,,,,,,,,,246.0
slow,,16.1,2.96,0.04,12.36,37.45,1.52,9.82,,,,,,,,,,,,,,,,,,,,,,,,,,,,,,247.0
dropped_fps,,,,,,,,,True,,,,,,,,,,,,,,,,,,,,,,,,,,,,,248.0
slow,,16.1,2.98,0.04,12.2,37.09,1.67,9.77,,,,,,,,,,,,,,,,,,,,,,,,,,,,,,248.0
slow,,15.99,2.98,0.04,12.15,38.41,1.81,6.68,,,,,,,,,,,,,,,,,,,,,,,,,,,,,,249.0
slow,,16.04,2.97,0.04,12.04,37.99,1.8,2.79,,,,,,,,,,,,,,,,,,,,,,,,,,,,,,250.0
slow,,16.06,3.0,0.04,12.34,37.55,1.76,2.48,,,,,,,,,,,,,,,,,,,,,,,,,,,,,,251.0
slow,,16.13,2.97,0.04,12.43,36.88,1.48,2.42,,,,,,,,,,,,,,,,,,,,,,,,,,,,,,252.0
slow,,16.12,2.99,0.04,12.39,38.34,1.49,2.35,,,,,,,,,,,,,,,,,,,,,,,,,,,,,,253.0
slow,,16.14,2.97,0.04,12.36,38.56,1.55,2.31,,,,,,,,,,,,,,,,,,,,,,,,,,,,,,254.0
slow,,16.09,2.96,0.04,12.26,36.73,1.62,2.12,,,,,,,,,,,,,,,,,,,,,,,,,,,,,,255.0
slow,,16.04,2.98,0.04,12.3,36.96,1.36,2.5,,,,,,,,,,,,,,,,,,,,,,,,,,,,,,256.0
slow,,16.0,2.98,0.04,12.3,37.19,1.8,2.66,,,,,,,,,,,,,,,,,,,,,,,,,,,,,,257.0
slow,,16.03,2.96,0.04,12.22,37.93,1.76,2.55,,,,,,,,,,,,,,,,,,,,,,,,,,,,,,258.0
dropped_fps,,,,,,,,,True,,,,,,,,,,,,,,,,,,,,,,,,,,,,,258.0
slow,,16.11,2.97,0.04,12.24,37.94,1.72,3.87,,,,,,,,,,,,,,,,,,,,,,,,,,,,,,259.0
slow,,16.15,2.96,0.04,12.34,37.45,1.53,7.76,,,,,,,,,,,,,,,,,,,,,,,,,,,,,,260.0
slow,,16.15,2.97,0.04,12.2,36.74,1.6,8.58,,,,,,,,,,,,,,,,,,,,,,,,,,,,,,261.0
dropped_fps,,,,,,,,,True,,,,,,,,,,,,,,,,,,,,,,,,,,,,,261.0
slow,,16.1,2.97,0.04,12.13,37.6,1.52,7.44,,,,,,,,,,,,,,,,,,,,,,,,,,,,,,262.0
slow,,16.18,2.99,0.04,12.21,37.47,1.67,6.75,,,,,,,,,,,,,,,,,,,,,,,,,,,,,,263.0
dropped_fps,,,,,,,,,True,,,,,,,,,,,,,,,,,,,,,,,,,,,,,263.0
slow,,16.45,2.97,0.04,12.2,38.29,1.56,6.98,,,,,,,,,,,,,,,,,,,,,,,,,,,,,,264.0
slow,,16.49,2.98,0.04,12.33,38.08,1.42,7.54,,,,,,,,,,,,,,,,,,,,,,,,,,,,,,265.0
slow,,16.41,2.9,0.04,12.24,36.71,1.35,7.29,,,,,,,,,,,,,,,,,,,,,,,,,,,,,,266.0
slow,,16.13,2.81,0.03,12.11,36.5,1.48,9.21,,,,,,,,,,,,,,,,,,,,,,,,,,,,,,267.0
slow,,16.07,2.8,0.03,11.93,36.49,1.6,9.98,,,,,,,,,,,,,,,,,,,,,,,,,,,,,,268.0
slow,,16.04,2.84,0.03,12.02,36.49,1.72,10.81,,,,,,,,,,,,,,,,,,,,,,,,,,,,,,269.0
dropped_fps,,,,,,,,,True,,,,,,,,,,,,,,,,,,,,,,,,,,,,,269.0
slow,,16.02,2.92,0.03,11.87,37.22,1.66,7.0,,,,,,,,,,,,,,,,,,,,,,,,,,,,,,270.0
slow,,16.02,2.84,0.04,11.95,36.35,1.31,6.79,,,,,,,,,,,,,,,,,,,,,,,,,,,,,,271.0
dropped_fps,,,,,,,,,True,,,,,,,,,,,,,,,,,,,,,,,,,,,,,271.0
dropped_fps,,,,,,,,,True,,,,,,,,,,,,,,,,,,,,,,,,,,,,,271.0
slow,,16.04,2.8,0.03,12.06,37.26,1.56,4.78,,,,,,,,,,,,,,,,,,,,,,,,,,,,,,272.0
slow,,16.04,2.77,0.04,11.8,37.48,1.59,3.99,,,,,,,,,,,,,,,,,,,,,,,,,,,,,,273.0
slow,,16.14,2.82,0.03,11.95,35.56,1.34,5.11,,,,,,,,,,,,,,,,,,,,,,,,,,,,,,274.0
slow,,16.07,2.82,0.04,11.97,37.22,1.54,9.07,,,,,,,,,,,,,,,,,,,,,,,,,,,,,,275.0
slow,,16.07,2.79,0.03,11.93,37.54,1.22,8.7,,,,,,,,,,,,,,,,,,,,,,,,,,,,,,276.0
slow,,16.04,2.79,0.03,12.0,36.96,1.59,9.39,,,,,,,,,,,,,,,,,,,,,,,,,,,,,,277.0
dropped_fps,,,,,,,,,True,,,,,,,,,,,,,,,,,,,,,,,,,,,,,277.0
slow,,16.1,2.79,0.04,11.82,37.56,1.7,3.41,,,,,,,,,,,,,,,,,,,,,,,,,,,,,,278.0
slow,,16.14,2.83,0.03,11.83,35.6,1.73,6.84,,,,,,,,,,,,,,,,,,,,,,,,,,,,,,279.0
slow,,16.1,2.81,0.03,11.92,36.18,1.54,9.43,,,,,,,,,,,,,,,,,,,,,,,,,,,,,,280.0
slow,,16.1,2.82,0.03,12.04,36.42,1.59,10.77,,,,,,,,,,,,,,,,,,,,,,,,,,,,,,281.0
dropped_fps,,,,,,,,,True,,,,,,,,,,,,,,,,,,,,,,,,,,,,,281.0
slow,,16.03,2.79,0.04,12.08,37.58,1.47,6.0,,,,,,,,,,,,,,,,,,,,,,,,,,,,,,282.0
slow,,16.07,2.83,0.04,12.09,38.36,1.83,4.44,,,,,,,,,,,,,,,,,,,,,,,,,,,,,,283.0
slow,,16.04,2.84,0.03,11.99,36.87,1.67,8.78,,,,,,,,,,,,,,,,,,,,,,,,,,,,,,284.0
slow,,16.09,2.84,0.03,12.02,37.46,1.53,10.78,,,,,,,,,,,,,,,,,,,,,,,,,,,,,,285.0
slow,,16.07,2.83,0.04,11.9,37.9,1.83,10.8,,,,,,,,,,,,,,,,,,,,,,,,,,,,,,286.0
slow,,16.08,2.8,0.03,12.08,36.58,1.86,9.84,,,,,,,,,,,,,,,,,,,,,,,,,,,,,,287.0
slow,,16.08,2.8,0.04,12.04,37.85,1.56,8.56,,,,,,,,,,,,,,,,,,,,,,,,,,,,,,288.0
dropped_fps,,,,,,,,,True,,,,,,,,,,,,,,,,,,,,,,,,,,,,,288.0
dropped_fps,,,,,,,,,True,,,,,,,,,,,,,,,,,,,,,,,,,,,,,289.0
dropped_fps,,,,,,,,,True,,,,,,,,,,,,,,,,,,,,,,,,,,,,,289.0
dropped_fps,,,,,,,,,True,,,,,,,,,,,,,,,,,,,,,,,,,,,,,289.0
slow,,16.14,2.83,0.03,11.86,37.42,1.49,2.88,,,,,,,,,,,,,,,,,,,,,,,,,,,,,,289.0
target,60.0,16.15,2.86,0.03,12.0,30.64,1.69,5.06,,,,,,,,,,,,,,,,,,,,,,,,,,,,,,290.0
socket_stats,,,,,,,,,,,,,,,59.0,27336.2,4014.3,99.3,71.2,71.4,100.0,,,,,,,,,,,,,,,,,291.0
socket_stats,,,,,,,,,,,,,,,61.0,25882.5,3775.7,100.0,62.9,59.0,100.0,,,,,,,,,,,,,,,,,296.0
dropped_fps,,,,,,,,,True,,,,,,,,,,,,,,,,,,,,,,,,,,,,,299.0
socket_stats,,,,,,,,,,,,,,,56.0,26391.2,3869.0,100.0,59.9,57.5,100.0,,,,,,,,,,,,,,,,,301.0
slow,,16.04,2.88,0.03,12.02,34.49,1.58,3.63,,,,,,,,,,,,,,,,,,,,,,,,,,,,,,301.0
dropped_fps,,,,,,,,,True,,,,,,,,,,,,,,,,,,,,,,,,,,,,,301.0
slow,,16.07,2.87,0.03,12.01,34.56,1.6,3.9,,,,,,,,,,,,,,,,,,,,,,,,,,,,,,302.0
target,60.0,16.06,2.88,0.04,12.0,33.74,1.64,4.7,,,,,,,,,,,,,,,,,,,,,,,,,,,,,,303.0
slow,,16.12,2.85,0.03,12.01,34.92,1.71,9.69,,,,,,,,,,,,,,,,,,,,,,,,,,,,,,305.0
target,60.0,16.1,2.87,0.04,11.95,32.29,1.62,6.18,,,,,,,,,,,,,,,,,,,,,,,,,,,,,,306.0
socket_stats,,,,,,,,,,,,,,,57.0,26474.3,3871.1,100.0,81.2,70.4,100.0,,,,,,,,,,,,,,,,,306.0
dropped_fps,,,,,,,,,True,,,,,,,,,,,,,,,,,,,,,,,,,,,,,306.0
dropped_fps,,,,,,,,,True,,,,,,,,,,,,,,,,,,,,,,,,,,,,,310.0
socket_stats,,,,,,,,,,,,,,,54.0,26071.8,3806.6,100.0,64.6,65.8,100.0,,,,,,,,,,,,,,,,,311.0
slow,,16.06,2.77,0.04,11.75,36.03,1.55,10.92,,,,,,,,,,,,,,,,,,,,,,,,,,,,,,313.0
bitrate_adapter,,,,,,,,,,2.0,50.0,101.0,0.75,16875.0,,,,,,,,,,,,,,,,,,,,,,,,313.0
dropped_fps,,,,,,,,,True,,,,,,,,,,,,,,,,,,,,,,,,,,,,,313.0
bitrate_adapter,,,,,,,,,,2.0,50.0,105.0,0.75,22500.0,,,,,,,,,,,,,,,,,,,,,,,,313.0
slow,,16.05,2.84,0.04,11.74,40.12,1.31,3.1,,,,,,,,,,,,,,,,,,,,,,,,,,,,,,314.0
target,60.0,16.11,2.88,0.03,11.84,31.39,1.56,3.74,,,,,,,,,,,,,,,,,,,,,,,,,,,,,,315.0
socket_stats,,,,,,,,,,,,,,,60.0,20913.4,2933.6,100.0,76.9,72.2,100.0,,,,,,,,,,,,,,,,,316.0
dropped_fps,,,,,,,,,True,,,,,,,,,,,,,,,,,,,,,,,,,,,,,317.0
bitrate_adapter,,,,,,,,,,2.0,50.0,72.0,1.25,21093.0,,,,,,,,,,,,,,,,,,,,,,,,317.0
socket_stats,,,,,,,,,,,,,,,60.0,15932.3,2109.3,100.0,68.1,65.2,100.0,,,,,,,,,,,,,,,,,321.0
bitrate_adapter,,,,,,,,,,2.0,50.0,70.0,1.25,26366.0,,,,,,,,,,,,,,,,,,,,,,,,321.0
dropped_fps,,,,,,,,,True,,,,,,,,,,,,,,,,,,,,,,,,,,,,,323.0
bitrate_adapter,,,,,,,,,,2.0,51.0,72.0,1.25,30000.0,,,,,,,,,,,,,,,,,,,,,,,,325.0
dropped_fps,,,,,,,,,True,,,,,,,,,,,,,,,,,,,,,,,,,,,,,326.0
socket_stats,,,,,,,,,,,,,,,58.0,21664.5,3069.5,100.0,63.2,59.3,100.0,,,,,,,,,,,,,,,,,326.0
dropped_fps,,,,,,,,,True,,,,,,,,,,,,,,,,,,,,,,,,,,,,,327.0
slow,,16.11,2.93,0.03,12.13,34.42,1.52,7.19,,,,,,,,,,,,,,,,,,,,,,,,,,,,,,327.0
dropped_fps,,,,,,,,,True,,,,,,,,,,,,,,,,,,,,,,,,,,,,,328.0
slow,,16.08,2.9,0.04,12.17,34.37,1.45,6.81,,,,,,,,,,,,,,,,,,,,,,,,,,,,,,328.0
slow,,16.12,2.93,0.04,12.05,35.35,1.52,5.76,,,,,,,,,,,,,,,,,,,,,,,,,,,,,,329.0
dropped_fps,,,,,,,,,True,,,,,,,,,,,,,,,,,,,,,,,,,,,,,329.0
slow,,16.09,2.93,0.04,12.14,35.95,1.56,6.53,,,,,,,,,,,,,,,,,,,,,,,,,,,,,,330.0
dropped_fps,,,,,,,,,True,,,,,,,,,,,,,,,,,,,,,,,,,,,,,330.0
target,60.0,16.04,2.95,0.03,12.17,33.09,1.51,2.79,,,,,,,,,,,,,,,,,,,,,,,,,,,,,,331.0
socket_stats,,,,,,,,,,,,,,,60.0,25974.6,3800.9,99.9,64.8,64.7,100.0,,,,,,,,,,,,,,,,,331.0
dropped_fps,,,,,,,,,True,,,,,,,,,,,,,,,,,,,,,,,,,,,,,332.0
slow,,16.11,2.85,0.03,11.98,34.65,1.42,6.59,,,,,,,,,,,,,,,,,,,,,,,,,,,,,,334.0
dropped_fps,,,,,,,,,True,,,,,,,,,,,,,,,,,,,,,,,,,,,,,334.0
slow,,16.04,2.94,0.04,12.08,34.75,1.47,6.68,,,,,,,,,,,,,,,,,,,,,,,,,,,,,,335.0
socket_stats,,,,,,,,,,,,,,,53.0,26284.8,3847.1,100.0,61.8,61.8,100.0,,,,,,,,,,,,,,,,,336.0
target,60.0,16.08,2.87,0.03,12.04,33.38,1.64,5.17,,,,,,,,,,,,,,,,,,,,,,,,,,,,,,336.0
dropped_fps,,,,,,,,,True,,,,,,,,,,,,,,,,,,,,,,,,,,,,,338.0
dropped_fps,,,,,,,,,True,,,,,,,,,,,,,,,,,,,,,,,,,,,,,339.0
slow,,16.18,2.79,0.03,11.47,34.53,1.53,6.11,,,,,,,,,,,,,,,,,,,,,,,,,,,,,,340.0
target,60.0,16.18,2.82,0.04,11.86,30.73,1.48,4.07,,,,,,,,,,,,,,,,,,,,,,,,,,,,,,341.0
dropped_fps,,,,,,,,,True,,,,,,,,,,,,,,,,,,,,,,,,,,,,,341.0
dropped_fps,,,,,,,,,True,,,,,,,,,,,,,,,,,,,,,,,,,,,,,341.0
socket_stats,,,,,,,,,,,,,,,55.0,26027.5,3813.0,100.0,68.3,68.4,100.0,,,,,,,,,,,,,,,,,341.0
bitrate_adapter,,,,,,,,,,2.0,49.0,128.0,0.75,22500.0,,,,,,,,,,,,,,,,,,,,,,,,341.0
dropped_fps,,,,,,,,,True,,,,,,,,,,,,,,,,,,,,,,,,,,,,,341.0
dropped_fps,,,,,,,,,True,,,,,,,,,,,,,,,,,,,,,,,,,,,,,341.0
slow,,16.2,2.82,0.03,11.84,38.28,1.55,4.23,,,,,,,,,,,,,,,,,,,,,,,,,,,,,,342.0
target,60.0,16.15,2.84,0.03,11.59,32.21,1.52,2.22,,,,,,,,,,,,,,,,,,,,,,,,,,,,,,343.0
dropped_fps,,,,,,,,,True,,,,,,,,,,,,,,,,,,,,,,,,,,,,,345.0
bitrate_adapter,,,,,,,,,,2.0,49.0,70.0,1.25,28125.0,,,,,,,,,,,,,,,,,,,,,,,,345.0
,,,,,,,,,,,,,,,,,,,,,,NSA,,,,,,,,attempt,,modification,,,,,nsa_scgm,345.885575
,,,,,,,,,,,,,,,,,,,,,,NSA,,,,,,,,,success,,,,,,,345.89957400000003
dropped_fps,,,,,,,,,True,,,,,,,,,,,,,,,,,,,,,,,,,,,,,346.0
bitrate_adapter,,,,,,,,,,2.0,49.0,196.0,0.75,21093.0,,,,,,,,,,,,,,,,,,,,,,,,346.0
dropped_fps,,,,,,,,,True,,,,,,,,,,,,,,,,,,,,,,,,,,,,,346.0
dropped_fps,,,,,,,,,True,,,,,,,,,,,,,,,,,,,,,,,,,,,,,346.0
slow,,16.13,2.81,0.04,11.8,58.59,1.57,2.72,,,,,,,,,,,,,,,,,,,,,,,,,,,,,,346.0
dropped_fps,,,,,,,,,True,,,,,,,,,,,,,,,,,,,,,,,,,,,,,346.0
slow,,16.17,2.82,0.03,11.83,44.43,1.39,2.77,,,,,,,,,,,,,,,,,,,,,,,,,,,,,,347.0
slow,,16.16,2.83,0.03,11.75,38.53,1.47,4.39,,,,,,,,,,,,,,,,,,,,,,,,,,,,,,348.0
dropped_fps,,,,,,,,,True,,,,,,,,,,,,,,,,,,,,,,,,,,,,,348.0
dropped_fps,,,,,,,,,True,,,,,,,,,,,,,,,,,,,,,,,,,,,,,348.0
bitrate_adapter,,,,,,,,,,2.0,49.0,192.0,0.75,15819.0,,,,,,,,,,,,,,,,,,,,,,,,348.0
dropped_fps,,,,,,,,,True,,,,,,,,,,,,,,,,,,,,,,,,,,,,,348.0
,,,,,,,,,,,,,,,,,,,,,,NSA,,,attempt,,intra,intra,intra,attempt,,modification,attempt,,intra,nsa_menb_intra,nsa_scgm,348.42487700000004
,,,,,,,,,,,,,,,,,,,,,,NSA,,,,success,,,,,success,,,success,,,,348.47321500000004
slow,,16.12,2.81,0.04,11.6,54.66,1.43,5.11,,,,,,,,,,,,,,,,,,,,,,,,,,,,,,349.0
slow,,16.12,2.87,0.03,11.87,37.63,1.57,2.83,,,,,,,,,,,,,,,,,,,,,,,,,,,,,,350.0
slow,,16.14,2.93,0.03,11.6,37.58,1.18,2.67,,,,,,,,,,,,,,,,,,,,,,,,,,,,,,351.0
bitrate_adapter,,,,,,,,,,2.0,54.0,78.0,1.25,19773.0,,,,,,,,,,,,,,,,,,,,,,,,352.0
slow,,16.15,2.95,0.04,11.64,36.99,1.6,3.93,,,,,,,,,,,,,,,,,,,,,,,,,,,,,,352.0
slow,,16.1,2.86,0.04,11.64,37.77,1.52,6.19,,,,,,,,,,,,,,,,,,,,,,,,,,,,,,353.0
slow,,16.13,2.88,0.04,11.64,36.88,1.42,6.87,,,,,,,,,,,,,,,,,,,,,,,,,,,,,,354.0
slow,,16.12,2.89,0.04,11.65,36.45,1.5,8.86,,,,,,,,,,,,,,,,,,,,,,,,,,,,,,355.0
slow,,16.16,2.9,0.04,11.79,39.0,1.59,10.64,,,,,,,,,,,,,,,,,,,,,,,,,,,,,,356.0
bitrate_adapter,,,,,,,,,,2.0,56.0,84.0,1.25,24716.0,,,,,,,,,,,,,,,,,,,,,,,,356.0
slow,,16.12,2.9,0.04,11.52,37.06,1.23,7.48,,,,,,,,,,,,,,,,,,,,,,,,,,,,,,357.0
dropped_fps,,,,,,,,,True,,,,,,,,,,,,,,,,,,,,,,,,,,,,,358.0
slow,,16.12,2.85,0.04,11.92,38.88,1.28,6.66,,,,,,,,,,,,,,,,,,,,,,,,,,,,,,358.0
slow,,16.07,2.91,0.03,11.78,40.57,1.73,7.34,,,,,,,,,,,,,,,,,,,,,,,,,,,,,,359.0
slow,,16.09,2.89,0.03,11.81,38.0,1.51,6.02,,,,,,,,,,,,,,,,,,,,,,,,,,,,,,360.0
bitrate_adapter,,,,,,,,,,2.0,56.0,84.0,1.25,30000.0,,,,,,,,,,,,,,,,,,,,,,,,360.0
slow,,16.1,2.89,0.04,11.85,39.15,1.43,8.62,,,,,,,,,,,,,,,,,,,,,,,,,,,,,,361.0
slow,,16.14,2.89,0.04,11.98,39.24,1.37,8.75,,,,,,,,,,,,,,,,,,,,,,,,,,,,,,362.0
slow,,16.15,2.89,0.04,12.09,38.96,1.39,9.98,,,,,,,,,,,,,,,,,,,,,,,,,,,,,,363.0
slow,,16.19,2.86,0.04,11.92,38.78,1.76,10.25,,,,,,,,,,,,,,,,,,,,,,,,,,,,,,364.0
slow,,16.17,2.87,0.03,11.72,38.62,1.75,9.11,,,,,,,,,,,,,,,,,,,,,,,,,,,,,,365.0
slow,,16.19,2.94,0.03,11.65,39.76,1.34,9.52,,,,,,,,,,,,,,,,,,,,,,,,,,,,,,366.0
slow,,16.17,2.93,0.04,11.67,39.54,1.51,9.99,,,,,,,,,,,,,,,,,,,,,,,,,,,,,,367.0
slow,,16.14,2.91,0.04,11.75,36.7,1.27,7.68,,,,,,,,,,,,,,,,,,,,,,,,,,,,,,368.0
target,60.0,16.17,2.89,0.04,11.83,32.16,1.62,5.61,,,,,,,,,,,,,,,,,,,,,,,,,,,,,,369.0
socket_stats,,,,,,,,,,,,,,,64.0,26022.9,3796.6,99.7,74.2,66.1,100.0,,,,,,,,,,,,,,,,,371.0
dropped_fps,,,,,,,,,True,,,,,,,,,,,,,,,,,,,,,,,,,,,,,375.0
socket_stats,,,,,,,,,,,,,,,62.0,25706.3,3754.8,100.0,58.8,56.6,100.0,,,,,,,,,,,,,,,,,376.0
slow,,16.11,2.89,0.04,11.95,34.82,1.35,11.66,,,,,,,,,,,,,,,,,,,,,,,,,,,,,,381.0
socket_stats,,,,,,,,,,,,,,,58.0,26089.9,3804.4,100.0,55.9,54.6,100.0,,,,,,,,,,,,,,,,,381.0
target,60.0,16.11,2.86,0.04,11.79,32.78,1.32,8.28,,,,,,,,,,,,,,,,,,,,,,,,,,,,,,382.0
dropped_fps,,,,,,,,,True,,,,,,,,,,,,,,,,,,,,,,,,,,,,,382.0
slow,,16.13,2.86,0.04,11.72,34.43,1.28,3.0,,,,,,,,,,,,,,,,,,,,,,,,,,,,,,385.0
socket_stats,,,,,,,,,,,,,,,54.0,26272.3,3843.8,100.0,58.9,58.0,100.0,,,,,,,,,,,,,,,,,386.0
target,60.0,16.18,2.87,0.03,11.86,33.87,1.3,3.02,,,,,,,,,,,,,,,,,,,,,,,,,,,,,,386.0
dropped_fps,,,,,,,,,True,,,,,,,,,,,,,,,,,,,,,,,,,,,,,388.0
dropped_fps,,,,,,,,,True,,,,,,,,,,,,,,,,,,,,,,,,,,,,,388.0
dropped_fps,,,,,,,,,True,,,,,,,,,,,,,,,,,,,,,,,,,,,,,388.0
slow,,16.08,2.86,0.03,11.72,37.01,1.24,2.96,,,,,,,,,,,,,,,,,,,,,,,,,,,,,,389.0
dropped_fps,,,,,,,,,True,,,,,,,,,,,,,,,,,,,,,,,,,,,,,390.00000000000006
slow,,16.1,2.87,0.03,11.64,38.61,1.38,4.45,,,,,,,,,,,,,,,,,,,,,,,,,,,,,,390.00000000000006
dropped_fps,,,,,,,,,True,,,,,,,,,,,,,,,,,,,,,,,,,,,,,390.00000000000006
dropped_fps,,,,,,,,,True,,,,,,,,,,,,,,,,,,,,,,,,,,,,,390.00000000000006
dropped_fps,,,,,,,,,True,,,,,,,,,,,,,,,,,,,,,,,,,,,,,390.00000000000006
dropped_fps,,,,,,,,,True,,,,,,,,,,,,,,,,,,,,,,,,,,,,,390.00000000000006
dropped_fps,,,,,,,,,True,,,,,,,,,,,,,,,,,,,,,,,,,,,,,390.00000000000006
slow,,16.08,2.87,0.04,11.68,36.02,1.51,2.92,,,,,,,,,,,,,,,,,,,,,,,,,,,,,,391.00000000000006
dropped_fps,,,,,,,,,True,,,,,,,,,,,,,,,,,,,,,,,,,,,,,391.00000000000006
dropped_fps,,,,,,,,,True,,,,,,,,,,,,,,,,,,,,,,,,,,,,,391.00000000000006
socket_stats,,,,,,,,,,,,,,,59.0,26349.0,3857.6,100.0,67.0,60.0,100.0,,,,,,,,,,,,,,,,,391.00000000000006
slow,,16.1,2.85,0.03,11.86,45.31,1.56,6.06,,,,,,,,,,,,,,,,,,,,,,,,,,,,,,392.00000000000006
dropped_fps,,,,,,,,,True,,,,,,,,,,,,,,,,,,,,,,,,,,,,,393.00000000000006
bitrate_adapter,,,,,,,,,,2.0,49.0,184.0,0.75,22500.0,,,,,,,,,,,,,,,,,,,,,,,,393.00000000000006
dropped_fps,,,,,,,,,True,,,,,,,,,,,,,,,,,,,,,,,,,,,,,393.00000000000006
dropped_fps,,,,,,,,,True,,,,,,,,,,,,,,,,,,,,,,,,,,,,,393.00000000000006
dropped_fps,,,,,,,,,True,,,,,,,,,,,,,,,,,,,,,,,,,,,,,393.00000000000006
slow,,16.14,2.88,0.03,11.81,37.95,1.66,2.79,,,,,,,,,,,,,,,,,,,,,,,,,,,,,,393.00000000000006
,,,,,,,,,,,,,,,,,,,,,,NSA,,,,,,,,attempt,,modification,,,,,nsa_scgm,393.43336400000004
,,,,,,,,,,,,,,,,,,,,,,NSA,,,,,,,,,success,,,,,,,393.48609400000004
slow,,16.17,2.84,0.04,11.56,49.14,1.92,3.78,,,,,,,,,,,,,,,,,,,,,,,,,,,,,,394.00000000000006
,,,,,,,,,,,,,,,,,,,,,,NSA,,,attempt,,inter-x2,intra,intra,attempt,,modification,attempt,,intra,nsa_menb_intra,nsa_scgm,394.857145
,,,,,,,,,,,,,,,,,,,,,,NSA,,,,success,,,,,success,,,success,,,,394.895864
slow,,16.17,2.87,0.03,11.73,76.24,1.26,2.73,,,,,,,,,,,,,,,,,,,,,,,,,,,,,,395.00000000000006
bitrate_adapter,,,,,,,,,,2.0,49.0,146.0,0.75,16875.0,,,,,,,,,,,,,,,,,,,,,,,,395.00000000000006
target,60.0,16.15,2.86,0.04,11.46,29.57,1.12,2.61,,,,,,,,,,,,,,,,,,,,,,,,,,,,,,396.00000000000006
socket_stats,,,,,,,,,,,,,,,54.0,22930.1,3279.5,99.9,69.3,59.3,100.0,,,,,,,,,,,,,,,,,396.00000000000006
dropped_fps,,,,,,,,,True,,,,,,,,,,,,,,,,,,,,,,,,,,,,,397.00000000000006
dropped_fps,,,,,,,,,True,,,,,,,,,,,,,,,,,,,,,,,,,,,,,397.00000000000006
dropped_fps,,,,,,,,,True,,,,,,,,,,,,,,,,,,,,,,,,,,,,,397.00000000000006
dropped_fps,,,,,,,,,True,,,,,,,,,,,,,,,,,,,,,,,,,,,,,397.00000000000006
,,,,,,,,,,,,,,,,,,,,,,NSA,,,,,,,,attempt,,modification,,,,,nsa_scgm,397.53308200000004
,,,,,,,,,,,,,,,,,,,,,,NSA,,,,,,,,,success,,,,,,,397.578662
bitrate_adapter,,,,,,,,,,2.0,48.0,160.0,0.75,12656.0,,,,,,,,,,,,,,,,,,,,,,,,398.00000000000006
slow,,16.15,2.89,0.04,11.75,42.59,1.31,3.94,,,,,,,,,,,,,,,,,,,,,,,,,,,,,,398.00000000000006
target,60.0,16.14,2.89,0.03,11.66,30.8,1.22,2.64,,,,,,,,,,,,,,,,,,,,,,,,,,,,,,399.00000000000006
dropped_fps,,,,,,,,,True,,,,,,,,,,,,,,,,,,,,,,,,,,,,,400.00000000000006
dropped_fps,,,,,,,,,True,,,,,,,,,,,,,,,,,,,,,,,,,,,,,400.00000000000006
dropped_fps,,,,,,,,,True,,,,,,,,,,,,,,,,,,,,,,,,,,,,,400.00000000000006
dropped_fps,,,,,,,,,True,,,,,,,,,,,,,,,,,,,,,,,,,,,,,400.00000000000006
dropped_fps,,,,,,,,,True,,,,,,,,,,,,,,,,,,,,,,,,,,,,,400.00000000000006
,,,,,,,,,,,,,,,,,,,,,,NSA,,,attempt,,inter-x2,intra,intra,attempt,,modification,attempt,,intra,nsa_menb_intra,nsa_scgm,400.527145
,,,,,,,,,,,,,,,,,,,,,,NSA,,,,success,,,,,success,,,success,,,,400.577126
socket_stats,,,,,,,,,,,,,,,53.0,11815.8,1457.8,100.0,67.8,60.8,100.0,,,,,,,,,,,,,,,,,401.00000000000006
bitrate_adapter,,,,,,,,,,2.0,48.0,118.0,0.75,9492.0,,,,,,,,,,,,,,,,,,,,,,,,401.00000000000006
slow,,16.11,2.87,0.04,11.63,39.28,1.23,2.87,,,,,,,,,,,,,,,,,,,,,,,,,,,,,,401.00000000000006
target,60.0,16.1,2.85,0.04,11.57,30.3,1.16,2.53,,,,,,,,,,,,,,,,,,,,,,,,,,,,,,402.00000000000006
dropped_fps,,,,,,,,,True,,,,,,,,,,,,,,,,,,,,,,,,,,,,,404.0
dropped_fps,,,,,,,,,True,,,,,,,,,,,,,,,,,,,,,,,,,,,,,404.0
dropped_fps,,,,,,,,,True,,,,,,,,,,,,,,,,,,,,,,,,,,,,,404.0
slow,,16.14,2.92,0.04,11.79,36.52,1.51,6.41,,,,,,,,,,,,,,,,,,,,,,,,,,,,,,404.0
target,60.0,16.17,2.98,0.04,11.91,34.31,1.48,2.93,,,,,,,,,,,,,,,,,,,,,,,,,,,,,,405.0
socket_stats,,,,,,,,,,,,,,,60.0,25244.2,3679.6,100.0,66.6,67.0,100.0,,,,,,,,,,,,,,,,,408.0
dropped_fps,,,,,,,,,True,,,,,,,,,,,,,,,,,,,,,,,,,,,,,411.0
slow,,16.1,2.95,0.04,11.83,34.54,1.67,7.04,,,,,,,,,,,,,,,,,,,,,,,,,,,,,,411.0
dropped_fps,,,,,,,,,True,,,,,,,,,,,,,,,,,,,,,,,,,,,,,412.0
dropped_fps,,,,,,,,,True,,,,,,,,,,,,,,,,,,,,,,,,,,,,,412.0
bitrate_adapter,,,,,,,,,,2.0,48.0,108.0,0.75,22500.0,,,,,,,,,,,,,,,,,,,,,,,,412.0
slow,,16.12,2.97,0.04,11.85,36.49,1.51,4.76,,,,,,,,,,,,,,,,,,,,,,,,,,,,,,412.0
target,60.0,16.06,3.0,0.04,11.71,31.93,1.33,2.6,,,,,,,,,,,,,,,,,,,,,,,,,,,,,,413.0
socket_stats,,,,,,,,,,,,,,,58.0,24659.4,3573.8,100.0,60.8,62.0,100.0,,,,,,,,,,,,,,,,,414.0
,,,,,,,,,,,,,,,,,,,,,,NSA,,,,,,,,attempt,,modification,,,,,nsa_scgm,414.84265500000004
,,,,,,,,,,,,,,,,,,,,,,NSA,,,,,,,,,success,,,,,,,414.93271500000003
dropped_fps,,,,,,,,,True,,,,,,,,,,,,,,,,,,,,,,,,,,,,,415.0
dropped_fps,,,,,,,,,True,,,,,,,,,,,,,,,,,,,,,,,,,,,,,415.0
dropped_fps,,,,,,,,,True,,,,,,,,,,,,,,,,,,,,,,,,,,,,,415.0
dropped_fps,,,,,,,,,True,,,,,,,,,,,,,,,,,,,,,,,,,,,,,415.0
dropped_fps,,,,,,,,,True,,,,,,,,,,,,,,,,,,,,,,,,,,,,,415.0
slow,,16.11,2.97,0.04,11.6,43.28,1.59,3.76,,,,,,,,,,,,,,,,,,,,,,,,,,,,,,415.0
bitrate_adapter,,,,,,,,,,2.0,48.0,172.0,0.75,16875.0,,,,,,,,,,,,,,,,,,,,,,,,415.0
dropped_fps,,,,,,,,,True,,,,,,,,,,,,,,,,,,,,,,,,,,,,,415.0
dropped_fps,,,,,,,,,True,,,,,,,,,,,,,,,,,,,,,,,,,,,,,415.0
dropped_fps,,,,,,,,,True,,,,,,,,,,,,,,,,,,,,,,,,,,,,,415.0
dropped_fps,,,,,,,,,True,,,,,,,,,,,,,,,,,,,,,,,,,,,,,415.0
dropped_fps,,,,,,,,,True,,,,,,,,,,,,,,,,,,,,,,,,,,,,,415.0
,,,,,,,,,,,,,,,,,,,,,,NSA,,,,,,,,attempt,,modification,,,,,nsa_scgm,415.45076900000004
,,,,,,,,,,,,,,,,,,,,,,NSA,,,,,,,,,success,,,,,,,415.50560700000005
slow,,16.15,2.95,0.04,11.62,38.6,1.55,3.66,,,,,,,,,,,,,,,,,,,,,,,,,,,,,,416.0
target,60.0,16.18,2.98,0.04,11.77,30.29,1.46,2.53,,,,,,,,,,,,,,,,,,,,,,,,,,,,,,417.0
socket_stats,,,,,,,,,,,,,,,55.0,16053.7,2132.9,99.9,67.2,67.7,100.0,,,,,,,,,,,,,,,,,419.0
bitrate_adapter,,,,,,,,,,2.0,48.0,69.0,1.25,21093.0,,,,,,,,,,,,,,,,,,,,,,,,419.0
dropped_fps,,,,,,,,,True,,,,,,,,,,,,,,,,,,,,,,,,,,,,,423.0
bitrate_adapter,,,,,,,,,,2.0,47.0,96.0,1.25,26366.0,,,,,,,,,,,,,,,,,,,,,,,,423.0
socket_stats,,,,,,,,,,,,,,,60.0,16452.5,2202.6,100.0,62.9,58.8,100.0,,,,,,,,,,,,,,,,,424.0
bitrate_adapter,,,,,,,,,,2.0,47.0,72.0,1.25,30000.0,,,,,,,,,,,,,,,,,,,,,,,,427.0
socket_stats,,,,,,,,,,,,,,,59.0,23082.4,3309.8,99.7,59.0,62.5,100.0,,,,,,,,,,,,,,,,,429.0
slow,,16.06,2.96,0.04,11.78,34.65,1.56,2.82,,,,,,,,,,,,,,,,,,,,,,,,,,,,,,431.0
dropped_fps,,,,,,,,,True,,,,,,,,,,,,,,,,,,,,,,,,,,,,,432.0
bitrate_adapter,,,,,,,,,,2.0,47.0,122.0,0.75,22500.0,,,,,,,,,,,,,,,,,,,,,,,,432.0
dropped_fps,,,,,,,,,True,,,,,,,,,,,,,,,,,,,,,,,,,,,,,432.0
target,60.0,16.11,2.97,0.04,12.0,33.19,1.57,2.74,,,,,,,,,,,,,,,,,,,,,,,,,,,,,,432.0
slow,,16.15,2.96,0.04,11.89,37.43,1.4,5.58,,,,,,,,,,,,,,,,,,,,,,,,,,,,,,433.0
dropped_fps,,,,,,,,,True,,,,,,,,,,,,,,,,,,,,,,,,,,,,,433.0
socket_stats,,,,,,,,,,,,,,,56.0,24993.1,3634.9,100.0,65.2,62.8,100.0,,,,,,,,,,,,,,,,,434.0
target,60.0,16.15,3.03,0.04,11.66,33.1,1.6,2.37,,,,,,,,,,,,,,,,,,,,,,,,,,,,,,434.0
dropped_fps,,,,,,,,,True,,,,,,,,,,,,,,,,,,,,,,,,,,,,,435.0
bitrate_adapter,,,,,,,,,,2.0,47.0,69.0,1.25,28125.0,,,,,,,,,,,,,,,,,,,,,,,,436.0
bitrate_adapter,,,,,,,,,,2.0,46.0,284.0,0.75,21093.0,,,,,,,,,,,,,,,,,,,,,,,,439.0
slow,,22.4,2.0,0.04,11.79,87.89,1.96,12.66,,,,,,,,,,,,,,,,,,,,,,,,,,,,,,439.0
dropped_fps,,,,,,,,,True,,,,,,,,,,,,,,,,,,,,,,,,,,,,,439.0
dropped_fps,,,,,,,,,True,,,,,,,,,,,,,,,,,,,,,,,,,,,,,439.0
dropped_fps,,,,,,,,,True,,,,,,,,,,,,,,,,,,,,,,,,,,,,,439.0
socket_stats,,,,,,,,,,,,,,,56.0,18867.2,2611.3,99.9,65.6,62.7,100.0,,,,,,,,,,,,,,,,,439.0
dropped_fps,,,,,,,,,True,,,,,,,,,,,,,,,,,,,,,,,,,,,,,439.0
dropped_fps,,,,,,,,,True,,,,,,,,,,,,,,,,,,,,,,,,,,,,,440.0
dropped_fps,,,,,,,,,True,,,,,,,,,,,,,,,,,,,,,,,,,,,,,440.0
dropped_fps,,,,,,,,,True,,,,,,,,,,,,,,,,,,,,,,,,,,,,,440.0
bitrate_adapter,,,,,,,,,,2.0,46.0,205.0,0.75,15819.0,,,,,,,,,,,,,,,,,,,,,,,,440.0
slow,,28.79,2.95,0.04,12.27,63.89,1.53,4.2,,,,,,,,,,,,,,,,,,,,,,,,,,,,,,440.0
dropped_fps,,,,,,,,,True,,,,,,,,,,,,,,,,,,,,,,,,,,,,,440.0
slow,,35.55,2.99,0.04,14.41,31.03,1.49,6.81,,,,,,,,,,,,,,,,,,,,,,,,,,,,,,441.0
target,60.0,26.61,2.99,0.04,15.13,31.04,1.16,6.86,,,,,,,,,,,,,,,,,,,,,,,,,,,,,,442.0
dropped_fps,,,,,,,,,True,,,,,,,,,,,,,,,,,,,,,,,,,,,,,442.0
dropped_fps,,,,,,,,,True,,,,,,,,,,,,,,,,,,,,,,,,,,,,,442.0
dropped_fps,,,,,,,,,True,,,,,,,,,,,,,,,,,,,,,,,,,,,,,442.0
bitrate_adapter,,,,,,,,,,2.0,46.0,145.0,0.75,11864.0,,,,,,,,,,,,,,,,,,,,,,,,442.0
,,,,,,,,,,,,,,,,,,,,,,NSA,,,,,,,,attempt,,modification,,,,,nsa_scgm,442.6118200000001
,,,,,,,,,,,,,,,,,,,,,,NSA,,,,,,,,,success,,,,,,,442.644857
slow,,25.28,2.95,0.04,15.98,36.35,1.28,4.04,,,,,,,,,,,,,,,,,,,,,,,,,,,,,,443.0
socket_stats,,,,,,,,,,,,,,,54.0,8043.4,1125.3,100.0,47.9,53.2,100.0,,,,,,,,,,,,,,,,,444.0
target,60.0,25.33,2.93,0.04,16.81,28.33,1.75,4.43,,,,,,,,,,,,,,,,,,,,,,,,,,,,,,444.0
dropped_fps,,,,,,,,,True,,,,,,,,,,,,,,,,,,,,,,,,,,,,,446.0
dropped_fps,,,,,,,,,True,,,,,,,,,,,,,,,,,,,,,,,,,,,,,446.0
bitrate_adapter,,,,,,,,,,2.0,44.0,179.0,0.75,8898.0,,,,,,,,,,,,,,,,,,,,,,,,446.0
slow,,26.11,3.0,0.04,17.53,37.95,1.69,4.91,,,,,,,,,,,,,,,,,,,,,,,,,,,,,,446.0
dropped_fps,,,,,,,,,True,,,,,,,,,,,,,,,,,,,,,,,,,,,,,446.0
target,60.0,26.28,3.06,0.04,17.74,28.11,1.22,5.12,,,,,,,,,,,,,,,,,,,,,,,,,,,,,,447.0
target,60.0,25.69,2.99,0.04,17.7,30.01,1.35,4.8,,,,,,,,,,,,,,,,,,,,,,,,,,,,,,448.0
socket_stats,,,,,,,,,,,,,,,56.0,4195.4,589.1,99.5,40.8,52.4,100.0,,,,,,,,,,,,,,,,,449.0
dropped_fps,,,,,,,,,True,,,,,,,,,,,,,,,,,,,,,,,,,,,,,449.0
dropped_fps,,,,,,,,,True,,,,,,,,,,,,,,,,,,,,,,,,,,,,,449.0
bitrate_adapter,,,,,,,,,,2.0,44.0,122.0,0.75,6673.0,,,,,,,,,,,,,,,,,,,,,,,,449.0
target,15.0,25.39,2.92,0.04,17.63,37.18,1.57,5.09,,,,,,,,,,,,,,,,,,,,,,,,,,,,,,449.0
bitrate_adapter,,,,,,,,,,2.0,44.0,95.0,0.75,5004.0,,,,,,,,,,,,,,,,,,,,,,,,449.0
bitrate_adapter,,,,,,,,,,2.0,42.0,81.0,1.25,6255.0,,,,,,,,,,,,,,,,,,,,,,,,453.0
dropped_fps,,,,,,,,,True,,,,,,,,,,,,,,,,,,,,,,,,,,,,,453.0
dropped_fps,,,,,,,,,True,,,,,,,,,,,,,,,,,,,,,,,,,,,,,453.0
dropped_fps,,,,,,,,,True,,,,,,,,,,,,,,,,,,,,,,,,,,,,,453.0
,,,,,,,,,,,,,,,,,,,,,,NSA,,,,,,,,attempt,,modification,,,,,nsa_scgm,453.7850000000001
,,,,,,,,,,,,,,,,,,,,,,NSA,,,,,,,,,success,,,,,,,453.809834
target,60.0,24.06,2.98,0.04,17.58,34.2,1.29,5.6,,,,,,,,,,,,,,,,,,,,,,,,,,,,,,454.0
socket_stats,,,,,,,,,,,,,,,53.0,2833.8,453.9,100.0,40.5,51.2,100.0,,,,,,,,,,,,,,,,,454.0
target,15.0,24.66,2.98,0.04,17.46,31.33,1.36,4.67,,,,,,,,,,,,,,,,,,,,,,,,,,,,,,455.0
,,,,,,,,,,,,,,,,,,,,,,NSA,,,attempt,,inter-x2,intra,intra,attempt,,modification,attempt,,intra,nsa_menb_intra,nsa_scgm,456.898724
,,,,,,,,,,,,,,,,,,,,,,NSA,,,,success,,,,,success,,,success,,,,456.958303
dropped_fps,,,,,,,,,True,,,,,,,,,,,,,,,,,,,,,,,,,,,,,457.0
dropped_fps,,,,,,,,,True,,,,,,,,,,,,,,,,,,,,,,,,,,,,,457.0
dropped_fps,,,,,,,,,True,,,,,,,,,,,,,,,,,,,,,,,,,,,,,457.0
dropped_fps,,,,,,,,,True,,,,,,,,,,,,,,,,,,,,,,,,,,,,,457.0
slow,,25.84,2.92,0.04,17.66,51.44,1.23,4.99,,,,,,,,,,,,,,,,,,,,,,,,,,,,,,457.0
bitrate_adapter,,,,,,,,,,2.0,42.0,153.0,0.75,4691.0,,,,,,,,,,,,,,,,,,,,,,,,457.0
,,,,,,,,,,,,,,,,,,,,,,NSA,reportStrongestCells,,,,,,,,,,,,,,,457.188172
dropped_fps,,,,,,,,,True,,,,,,,,,,,,,,,,,,,,,,,,,,,,,458.0
dropped_fps,,,,,,,,,True,,,,,,,,,,,,,,,,,,,,,,,,,,,,,458.0
slow,,26.24,2.97,0.04,17.47,51.65,2.23,4.64,,,,,,,,,,,,,,,,,,,,,,,,,,,,,,458.0
bitrate_adapter,,,,,,,,,,2.0,42.0,199.0,0.75,3518.0,,,,,,,,,,,,,,,,,,,,,,,,458.0
dropped_fps,,,,,,,,,True,,,,,,,,,,,,,,,,,,,,,,,,,,,,,458.0
dropped_fps,,,,,,,,,True,,,,,,,,,,,,,,,,,,,,,,,,,,,,,458.0
target,60.0,26.68,3.09,0.04,17.56,28.75,1.37,4.07,,,,,,,,,,,,,,,,,,,,,,,,,,,,,,459.0
socket_stats,,,,,,,,,,,,,,,50.0,2695.6,432.6,99.0,48.1,52.6,100.0,,,,,,,,,,,,,,,,,459.0
target,60.0,25.5,2.99,0.04,17.49,28.44,1.25,3.99,,,,,,,,,,,,,,,,,,,,,,,,,,,,,,460.0
target,15.0,25.21,2.96,0.04,17.22,28.57,1.65,3.98,,,,,,,,,,,,,,,,,,,,,,,,,,,,,,461.0
bitrate_adapter,,,,,,,,,,2.0,45.0,76.0,1.25,4397.0,,,,,,,,,,,,,,,,,,,,,,,,462.0
socket_stats,,,,,,,,,,,,,,,54.0,1489.0,306.6,100.0,46.4,52.0,100.0,,,,,,,,,,,,,,,,,464.0
dropped_fps,,,,,,,,,True,,,,,,,,,,,,,,,,,,,,,,,,,,,,,465.0
dropped_fps,,,,,,,,,True,,,,,,,,,,,,,,,,,,,,,,,,,,,,,465.0
dropped_fps,,,,,,,,,True,,,,,,,,,,,,,,,,,,,,,,,,,,,,,465.0
dropped_fps,,,,,,,,,True,,,,,,,,,,,,,,,,,,,,,,,,,,,,,465.0
slow,,24.98,2.94,0.04,17.71,40.23,1.41,5.55,,,,,,,,,,,,,,,,,,,,,,,,,,,,,,465.0
bitrate_adapter,,,,,,,,,,2.0,49.0,191.0,0.75,3297.0,,,,,,,,,,,,,,,,,,,,,,,,465.0
target,60.0,25.73,2.95,0.04,17.85,27.75,1.42,7.62,,,,,,,,,,,,,,,,,,,,,,,,,,,,,,466.0
target,15.0,25.95,2.97,0.04,17.66,30.12,1.61,4.27,,,,,,,,,,,,,,,,,,,,,,,,,,,,,,467.0
bitrate_adapter,,,,,,,,,,2.0,49.0,73.0,1.25,4121.0,,,,,,,,,,,,,,,,,,,,,,,,469.0
socket_stats,,,,,,,,,,,,,,,58.0,1664.1,324.6,99.9,40.3,52.2,100.0,,,,,,,,,,,,,,,,,469.0
dropped_fps,,,,,,,,,True,,,,,,,,,,,,,,,,,,,,,,,,,,,,,471.0
dropped_fps,,,,,,,,,True,,,,,,,,,,,,,,,,,,,,,,,,,,,,,471.0
dropped_fps,,,,,,,,,True,,,,,,,,,,,,,,,,,,,,,,,,,,,,,471.0
dropped_fps,,,,,,,,,True,,,,,,,,,,,,,,,,,,,,,,,,,,,,,471.0
dropped_fps,,,,,,,,,True,,,,,,,,,,,,,,,,,,,,,,,,,,,,,471.0
slow,,25.66,3.15,0.04,17.65,46.15,1.33,6.39,,,,,,,,,,,,,,,,,,,,,,,,,,,,,,472.0
bitrate_adapter,,,,,,,,,,2.0,47.0,206.0,0.75,3090.0,,,,,,,,,,,,,,,,,,,,,,,,472.0
target,15.0,25.89,2.99,0.04,17.48,30.56,1.56,6.67,,,,,,,,,,,,,,,,,,,,,,,,,,,,,,473.0
socket_stats,,,,,,,,,,,,,,,62.0,1606.9,317.6,100.0,43.4,51.8,100.0,,,,,,,,,,,,,,,,,474.0
bitrate_adapter,,,,,,,,,,2.0,47.0,67.0,1.25,3862.0,,,,,,,,,,,,,,,,,,,,,,,,476.0
target,60.0,24.65,3.0,0.04,17.5,29.48,1.27,7.5,,,,,,,,,,,,,,,,,,,,,,,,,,,,,,478.0
target,15.0,24.49,2.92,0.04,17.18,30.26,1.3,8.03,,,,,,,,,,,,,,,,,,,,,,,,,,,,,,479.0
bitrate_adapter,,,,,,,,,,2.0,47.0,75.0,1.25,4827.0,,,,,,,,,,,,,,,,,,,,,,,,480.0
dropped_fps,,,,,,,,,True,,,,,,,,,,,,,,,,,,,,,,,,,,,,,482.0
dropped_fps,,,,,,,,,True,,,,,,,,,,,,,,,,,,,,,,,,,,,,,482.0
dropped_fps,,,,,,,,,True,,,,,,,,,,,,,,,,,,,,,,,,,,,,,482.0
dropped_fps,,,,,,,,,True,,,,,,,,,,,,,,,,,,,,,,,,,,,,,482.0
bitrate_adapter,,,,,,,,,,2.0,48.0,207.0,0.75,3620.0,,,,,,,,,,,,,,,,,,,,,,,,482.0
slow,,24.8,3.06,0.04,17.86,78.69,2.4,7.57,,,,,,,,,,,,,,,,,,,,,,,,,,,,,,482.0
dropped_fps,,,,,,,,,True,,,,,,,,,,,,,,,,,,,,,,,,,,,,,482.0
target,60.0,25.07,2.98,0.04,17.82,30.78,1.14,4.41,,,,,,,,,,,,,,,,,,,,,,,,,,,,,,483.0
target,60.0,25.41,2.94,0.04,17.72,30.48,1.19,4.5,,,,,,,,,,,,,,,,,,,,,,,,,,,,,,484.0
target,15.0,25.26,2.92,0.04,17.6,30.97,1.57,4.31,,,,,,,,,,,,,,,,,,,,,,,,,,,,,,485.0
bitrate_adapter,,,,,,,,,,2.0,49.0,75.0,1.25,4525.0,,,,,,,,,,,,,,,,,,,,,,,,486.0
target,60.0,24.25,2.95,0.04,17.64,32.39,1.35,9.18,,,,,,,,,,,,,,,,,,,,,,,,,,,,,,490.0
bitrate_adapter,,,,,,,,,,2.0,51.0,73.0,1.25,5656.0,,,,,,,,,,,,,,,,,,,,,,,,490.0
target,15.0,25.75,3.01,0.04,17.46,32.77,1.44,8.68,,,,,,,,,,,,,,,,,,,,,,,,,,,,,,491.0
bitrate_adapter,,,,,,,,,,2.0,52.0,74.0,1.25,7070.0,,,,,,,,,,,,,,,,,,,,,,,,494.0
target,60.0,25.64,2.97,0.04,17.62,32.75,1.72,10.39,,,,,,,,,,,,,,,,,,,,,,,,,,,,,,496.0
target,15.0,25.95,2.93,0.04,17.3,33.87,1.39,10.39,,,,,,,,,,,,,,,,,,,,,,,,,,,,,,497.0
bitrate_adapter,,,,,,,,,,2.0,51.0,75.0,1.25,8837.0,,,,,,,,,,,,,,,,,,,,,,,,498.0
,,,,,,,,,,,,,,,,,,,,,,NSA,,,attempt,,inter-x2,intra,intra,attempt,,modification,attempt,,intra,nsa_menb_intra,nsa_scgm,498.84288300000003
,,,,,,,,,,,,,,,,,,,,,,NSA,,,,success,,,,,success,,,success,,,,498.85607300000004
slow,,25.88,2.98,0.04,17.86,73.8,1.66,9.27,,,,,,,,,,,,,,,,,,,,,,,,,,,,,,499.0
target,60.0,25.7,2.95,0.04,17.6,33.04,1.43,10.12,,,,,,,,,,,,,,,,,,,,,,,,,,,,,,500.0
bitrate_adapter,,,,,,,,,,2.0,51.0,76.0,1.25,11046.0,,,,,,,,,,,,,,,,,,,,,,,,502.0
target,60.0,24.64,2.91,0.04,17.66,31.26,1.54,9.43,,,,,,,,,,,,,,,,,,,,,,,,,,,,,,502.0
bitrate_adapter,,,,,,,,,,2.0,51.0,196.0,0.75,8284.0,,,,,,,,,,,,,,,,,,,,,,,,503.0
dropped_fps,,,,,,,,,True,,,,,,,,,,,,,,,,,,,,,,,,,,,,,503.0
dropped_fps,,,,,,,,,True,,,,,,,,,,,,,,,,,,,,,,,,,,,,,503.0
dropped_fps,,,,,,,,,True,,,,,,,,,,,,,,,,,,,,,,,,,,,,,503.0
target,15.0,24.59,2.95,0.04,17.7,46.19,1.33,10.18,,,,,,,,,,,,,,,,,,,,,,,,,,,,,,503.0
bitrate_adapter,,,,,,,,,,2.0,51.0,78.0,1.25,10355.0,,,,,,,,,,,,,,,,,,,,,,,,507.0
target,60.0,24.98,2.96,0.04,17.6,32.65,1.26,6.33,,,,,,,,,,,,,,,,,,,,,,,,,,,,,,508.0
socket_stats,,,,,,,,,,,,,,,67.0,3946.5,578.6,100.0,51.1,54.1,100.0,,,,,,,,,,,,,,,,,509.0
target,15.0,25.85,2.97,0.04,17.63,35.06,1.51,7.61,,,,,,,,,,,,,,,,,,,,,,,,,,,,,,509.0
bitrate_adapter,,,,,,,,,,2.0,51.0,74.0,1.25,12943.0,,,,,,,,,,,,,,,,,,,,,,,,511.0
slow,,25.44,2.95,0.04,17.62,34.7,1.39,8.11,,,,,,,,,,,,,,,,,,,,,,,,,,,,,,513.0
socket_stats,,,,,,,,,,,,,,,66.0,4935.9,686.8,100.0,49.5,54.0,100.0,,,,,,,,,,,,,,,,,514.0
slow,,24.37,3.0,0.04,17.38,34.84,1.39,6.93,,,,,,,,,,,,,,,,,,,,,,,,,,,,,,514.0
target,15.0,24.21,2.93,0.04,17.64,45.29,1.42,8.07,,,,,,,,,,,,,,,,,,,,,,,,,,,,,,515.0
bitrate_adapter,,,,,,,,,,2.0,54.0,148.0,0.75,9707.0,,,,,,,,,,,,,,,,,,,,,,,,515.0
dropped_fps,,,,,,,,,True,,,,,,,,,,,,,,,,,,,,,,,,,,,,,515.0
dropped_fps,,,,,,,,,True,,,,,,,,,,,,,,,,,,,,,,,,,,,,,515.0
dropped_fps,,,,,,,,,True,,,,,,,,,,,,,,,,,,,,,,,,,,,,,515.0
slow,,24.65,2.98,0.04,17.6,35.01,1.26,4.9,,,,,,,,,,,,,,,,,,,,,,,,,,,,,,518.0
bitrate_adapter,,,,,,,,,,2.0,54.0,74.0,1.25,12133.0,,,,,,,,,,,,,,,,,,,,,,,,519.0
slow,,25.02,3.03,0.04,17.56,34.74,1.16,4.84,,,,,,,,,,,,,,,,,,,,,,,,,,,,,,519.0
socket_stats,,,,,,,,,,,,,,,69.0,4833.2,688.3,100.0,53.4,54.8,100.0,,,,,,,,,,,,,,,,,519.0
slow,,26.23,2.96,0.04,17.54,37.58,1.41,8.65,,,,,,,,,,,,,,,,,,,,,,,,,,,,,,520.0
target,15.0,26.19,2.98,0.04,17.44,38.9,1.61,9.45,,,,,,,,,,,,,,,,,,,,,,,,,,,,,,521.0
slow,,26.48,2.92,0.04,17.77,35.61,1.41,5.73,,,,,,,,,,,,,,,,,,,,,,,,,,,,,,522.0
bitrate_adapter,,,,,,,,,,2.0,54.0,76.0,1.25,15166.0,,,,,,,,,,,,,,,,,,,,,,,,523.0
slow,,26.3,3.01,0.04,17.73,35.09,1.77,7.08,,,,,,,,,,,,,,,,,,,,,,,,,,,,,,523.0
socket_stats,,,,,,,,,,,,,,,67.0,5032.0,709.2,100.0,51.3,55.6,100.0,,,,,,,,,,,,,,,,,524.0
slow,,26.56,2.95,0.04,17.89,35.59,1.29,6.38,,,,,,,,,,,,,,,,,,,,,,,,,,,,,,524.0
target,60.0,26.12,3.01,0.04,17.59,34.08,1.41,5.66,,,,,,,,,,,,,,,,,,,,,,,,,,,,,,525.0
slow,,25.7,2.97,0.04,17.7,34.73,1.71,6.59,,,,,,,,,,,,,,,,,,,,,,,,,,,,,,526.0
bitrate_adapter,,,,,,,,,,2.0,55.0,77.0,1.25,18957.0,,,,,,,,,,,,,,,,,,,,,,,,527.0
target,15.0,25.69,3.0,0.04,17.63,38.34,1.64,9.53,,,,,,,,,,,,,,,,,,,,,,,,,,,,,,527.0
slow,,24.9,2.94,0.04,17.54,34.95,1.6,5.86,,,,,,,,,,,,,,,,,,,,,,,,,,,,,,528.0
socket_stats,,,,,,,,,,,,,,,64.0,6938.7,955.7,100.0,49.7,54.8,100.0,,,,,,,,,,,,,,,,,529.0
target,60.0,24.6,2.95,0.04,17.67,33.98,1.3,4.71,,,,,,,,,,,,,,,,,,,,,,,,,,,,,,529.0
slow,,24.21,2.94,0.04,17.42,36.3,1.45,6.29,,,,,,,,,,,,,,,,,,,,,,,,,,,,,,530.0
bitrate_adapter,,,,,,,,,,2.0,55.0,74.0,1.25,23696.0,,,,,,,,,,,,,,,,,,,,,,,,531.0
target,60.0,24.7,2.96,0.04,17.58,34.11,1.54,6.21,,,,,,,,,,,,,,,,,,,,,,,,,,,,,,531.0
slow,,25.26,2.94,0.04,17.63,36.07,1.44,7.56,,,,,,,,,,,,,,,,,,,,,,,,,,,,,,532.0
target,15.0,26.04,2.96,0.04,17.86,38.65,1.86,10.21,,,,,,,,,,,,,,,,,,,,,,,,,,,,,,533.0
slow,,25.88,2.97,0.04,17.54,34.42,1.6,5.58,,,,,,,,,,,,,,,,,,,,,,,,,,,,,,534.0
socket_stats,,,,,,,,,,,,,,,59.0,9004.8,1240.7,100.0,56.7,59.6,100.0,,,,,,,,,,,,,,,,,534.0
bitrate_adapter,,,,,,,,,,2.0,49.0,76.0,1.25,29620.0,,,,,,,,,,,,,,,,,,,,,,,,535.0
slow,,26.15,2.96,0.04,17.66,34.94,1.35,5.42,,,,,,,,,,,,,,,,,,,,,,,,,,,,,,535.0
slow,,26.46,2.84,0.03,17.93,34.89,1.59,7.13,,,,,,,,,,,,,,,,,,,,,,,,,,,,,,536.0
bitrate_adapter,,,,,,,,,,2.0,48.0,164.0,0.75,22215.0,,,,,,,,,,,,,,,,,,,,,,,,537.0
slow,,27.82,3.84,0.04,18.85,39.07,1.56,12.77,,,,,,,,,,,,,,,,,,,,,,,,,,,,,,537.0
slow,,28.24,3.34,0.04,14.78,54.79,1.4,6.06,,,,,,,,,,,,,,,,,,,,,,,,,,,,,,538.0
dropped_fps,,,,,,,,,True,,,,,,,,,,,,,,,,,,,,,,,,,,,,,538.0
dropped_fps,,,,,,,,,True,,,,,,,,,,,,,,,,,,,,,,,,,,,,,538.0
dropped_fps,,,,,,,,,True,,,,,,,,,,,,,,,,,,,,,,,,,,,,,538.0
dropped_fps,,,,,,,,,True,,,,,,,,,,,,,,,,,,,,,,,,,,,,,538.0
socket_stats,,,,,,,,,,,,,,,58.0,10846.3,1543.6,99.9,60.7,58.4,100.0,,,,,,,,,,,,,,,,,539.0
slow,,31.62,2.73,0.04,12.66,35.71,1.52,5.69,,,,,,,,,,,,,,,,,,,,,,,,,,,,,,539.0
bitrate_adapter,,,,,,,,,,2.0,48.0,248.0,0.75,16661.0,,,,,,,,,,,,,,,,,,,,,,,,539.0
dropped_fps,,,,,,,,,True,,,,,,,,,,,,,,,,,,,,,,,,,,,,,540.0
slow,,32.46,2.97,0.04,13.75,38.22,1.42,4.69,,,,,,,,,,,,,,,,,,,,,,,,,,,,,,540.0
target,60.0,30.75,2.98,0.04,14.03,32.05,1.36,3.85,,,,,,,,,,,,,,,,,,,,,,,,,,,,,,541.0
dropped_fps,,,,,,,,,True,,,,,,,,,,,,,,,,,,,,,,,,,,,,,542.0
dropped_fps,,,,,,,,,True,,,,,,,,,,,,,,,,,,,,,,,,,,,,,542.0
dropped_fps,,,,,,,,,True,,,,,,,,,,,,,,,,,,,,,,,,,,,,,542.0
dropped_fps,,,,,,,,,True,,,,,,,,,,,,,,,,,,,,,,,,,,,,,542.0
slow,,25.81,2.97,0.04,14.23,71.56,1.89,4.59,,,,,,,,,,,,,,,,,,,,,,,,,,,,,,542.0
bitrate_adapter,,,,,,,,,,2.0,47.0,72.0,1.25,20826.0,,,,,,,,,,,,,,,,,,,,,,,,543.0
target,60.0,24.54,2.01,0.04,14.52,32.14,1.5,6.39,,,,,,,,,,,,,,,,,,,,,,,,,,,,,,543.0
socket_stats,,,,,,,,,,,,,,,60.0,4932.5,716.3,100.0,46.9,51.6,100.0,,,,,,,,,,,,,,,,,544.0
bitrate_adapter,,,,,,,,,,2.0,47.0,142.0,0.75,15619.0,,,,,,,,,,,,,,,,,,,,,,,,544.0
dropped_fps,,,,,,,,,True,,,,,,,,,,,,,,,,,,,,,,,,,,,,,544.0
dropped_fps,,,,,,,,,True,,,,,,,,,,,,,,,,,,,,,,,,,,,,,544.0
slow,,10.0,5.93,0.02,20.1,36.09,1.48,5.22,,,,,,,,,,,,,,,,,,,,,,,,,,,,,,544.0
target,15.0,10.0,2.49,0.01,12.32,30.55,1.11,3.67,,,,,,,,,,,,,,,,,,,,,,,,,,,,,,545.0
dropped_fps,,,,,,,,,True,,,,,,,,,,,,,,,,,,,,,,,,,,,,,546.0
dropped_fps,,,,,,,,,True,,,,,,,,,,,,,,,,,,,,,,,,,,,,,546.0
bitrate_adapter,,,,,,,,,,2.0,48.0,129.0,0.75,11714.0,,,,,,,,,,,,,,,,,,,,,,,,546.0
slow,,10.0,2.33,0.01,13.07,35.03,1.38,3.8,,,,,,,,,,,,,,,,,,,,,,,,,,,,,,546.0
dropped_fps,,,,,,,,,True,,,,,,,,,,,,,,,,,,,,,,,,,,,,,546.0
target,60.0,10.0,2.36,0.0,13.66,29.19,1.27,3.22,,,,,,,,,,,,,,,,,,,,,,,,,,,,,,547.0
socket_stats,,,,,,,,,,,,,,,60.0,3184.6,508.9,96.8,47.8,58.2,100.0,,,,,,,,,,,,,,,,,549.0
dropped_fps,,,,,,,,,True,,,,,,,,,,,,,,,,,,,,,,,,,,,,,549.0
bitrate_adapter,,,,,,,,,,2.0,47.0,66.0,1.25,14642.0,,,,,,,,,,,,,,,,,,,,,,,,550.0
bitrate_adapter,,,,,,,,,,2.0,47.0,231.0,0.75,10981.0,,,,,,,,,,,,,,,,,,,,,,,,553.0
dropped_fps,,,,,,,,,True,,,,,,,,,,,,,,,,,,,,,,,,,,,,,553.0
dropped_fps,,,,,,,,,True,,,,,,,,,,,,,,,,,,,,,,,,,,,,,553.0
dropped_fps,,,,,,,,,True,,,,,,,,,,,,,,,,,,,,,,,,,,,,,553.0
dropped_fps,,,,,,,,,True,,,,,,,,,,,,,,,,,,,,,,,,,,,,,553.0
dropped_fps,,,,,,,,,True,,,,,,,,,,,,,,,,,,,,,,,,,,,,,553.0
